1,中国,中华人民共和国,CA,N,5,null
101,东北,东北地区,A,N,5,1
102,华北,华北地区,A,N,5,1
103,华中,华中地区,A,N,5,1
104,华东,华东地区,A,N,5,1
105,华南,华南地区,A,N,5,1
106,西南,西南地区,A,N,5,1
107,西北,西北地区,A,N,5,1
110000,北京,北京市,P,C,5,102
110100,市辖区,市辖区,C,N,4,110000
110101,东城,东城区,D,N,5,110100
110102,西城,西城区,D,N,5,110100
110103,崇文,崇文区,D,N,5,110100
110104,宣武,宣武区,D,N,5,110100
110105,朝阳,朝阳区,D,N,5,110100
110106,丰台,丰台区,D,N,5,110100
110107,石景山,石景山区,D,N,5,110100
110108,海淀,海淀区,D,N,5,110100
110109,门头沟,门头沟区,D,N,5,110100
110111,房山,房山区,D,N,5,110100
110112,通州,通州区,D,N,5,110100
110113,顺义,顺义区,D,N,5,110100
110114,昌平,昌平区,D,N,5,110100
110115,大兴,大兴区,D,N,5,110100
110116,怀柔,怀柔区,D,N,5,110100
110117,平谷,平谷区,D,N,5,110100
110200,县,县,C,N,4,110000
110228,密云,密云县,D,N,5,110200
110229,延庆,延庆县,D,N,5,110200
120000,天津,天津市,P,N,5,102
120100,市辖区,市辖区,C,N,4,120000
120101,和平,和平区,D,N,5,120100
120102,河东,河东区,D,N,5,120100
120103,河西,河西区,D,N,5,120100
120104,南开,南开区,D,N,5,120100
120105,河北,河北区,D,N,5,120100
120106,红桥,红桥区,D,N,5,120100
120107,塘沽,塘沽区,D,N,5,120100
120108,汉沽,汉沽区,D,N,5,120100
120109,大港,大港区,D,N,5,120100
120110,东丽,东丽区,D,N,5,120100
120111,西青,西青区,D,N,5,120100
120112,津南,津南区,D,N,5,120100
120113,北辰,北辰区,D,N,5,120100
120114,武清,武清区,D,N,5,120100
120115,宝坻,宝坻区,D,N,5,120100
120200,县,县,C,N,4,120000
120221,宁河,宁河县,D,N,5,120200
120223,静海,静海县,D,N,5,120200
120225,蓟县,蓟县,D,N,5,120200
130000,河北,河北省,P,N,5,102
130100,石家庄,石家庄市,C,C,3,130000
130101,市辖区,市辖区,D,N,5,130100
130102,长安,长安区,D,N,5,130100
130103,桥东,桥东区,D,N,5,130100
130104,桥西,桥西区,D,N,5,130100
130105,新华,新华区,D,N,5,130100
130107,井陉矿,井陉矿区,D,N,5,130100
130108,裕华,裕华区,D,N,5,130100
130121,井陉,井陉县,D,N,5,130100
130123,正定,正定县,D,N,5,130100
130124,栾城,栾城县,D,N,5,130100
130125,行唐,行唐县,D,N,5,130100
130126,灵寿,灵寿县,D,N,5,130100
130127,高邑,高邑县,D,N,5,130100
130128,深泽,深泽县,D,N,5,130100
130129,赞皇,赞皇县,D,N,5,130100
130130,无极,无极县,D,N,5,130100
130131,平山,平山县,D,N,5,130100
130132,元氏,元氏县,D,N,5,130100
130133,赵县,赵县,D,N,5,130100
130181,辛集,辛集市,D,N,5,130100
130182,藁城,藁城市,D,N,5,130100
130183,晋州,晋州市,D,N,5,130100
130184,新乐,新乐市,D,N,5,130100
130185,鹿泉,鹿泉市,D,N,5,130100
130200,唐山,唐山市,C,M,4,130000
130201,市辖区,市辖区,D,N,5,130200
130202,路南,路南区,D,N,5,130200
130203,路北,路北区,D,N,5,130200
130204,古冶,古冶区,D,N,5,130200
130205,开平,开平区,D,N,5,130200
130207,丰南,丰南区,D,N,5,130200
130208,丰润,丰润区,D,N,5,130200
130223,滦县,滦县,D,N,5,130200
130224,滦南,滦南县,D,N,5,130200
130225,乐亭,乐亭县,D,N,5,130200
130227,迁西,迁西县,D,N,5,130200
130229,玉田,玉田县,D,N,5,130200
130230,唐海,唐海县,D,N,5,130200
130281,遵化,遵化市,D,N,5,130200
130283,迁安,迁安市,D,N,5,130200
130300,秦皇岛,秦皇岛市,C,N,4,130000
130301,市辖区,市辖区,D,N,5,130300
130302,海港,海港区,D,N,5,130300
130303,山海关,山海关区,D,N,5,130300
130304,北戴河,北戴河区,D,N,5,130300
130321,青龙,青龙满族自治县,D,N,5,130300
130322,昌黎,昌黎县,D,N,5,130300
130323,抚宁,抚宁县,D,N,5,130300
130324,卢龙,卢龙县,D,N,5,130300
130400,邯郸,邯郸市,C,N,4,130000
130401,市辖区,市辖区,D,N,5,130400
130402,邯山,邯山区,D,N,5,130400
130403,丛台,丛台区,D,N,5,130400
130404,复兴,复兴区,D,N,5,130400
130406,峰峰矿,峰峰矿区,D,N,5,130400
130421,邯郸,邯郸县,D,N,5,130400
130423,临漳,临漳县,D,N,5,130400
130424,成安,成安县,D,N,5,130400
130425,大名,大名县,D,N,5,130400
130426,涉县,涉县,D,N,5,130400
130427,磁县,磁县,D,N,5,130400
130428,肥乡,肥乡县,D,N,5,130400
130429,永年,永年县,D,N,5,130400
130430,邱县,邱县,D,N,5,130400
130431,鸡泽,鸡泽县,D,N,5,130400
130432,广平,广平县,D,N,5,130400
130433,馆陶,馆陶县,D,N,5,130400
130434,魏县,魏县,D,N,5,130400
130435,曲周,曲周县,D,N,5,130400
130481,武安,武安市,D,N,5,130400
130500,邢台,邢台市,C,N,4,130000
130501,市辖区,市辖区,D,N,5,130500
130502,桥东,桥东区,D,N,5,130500
130503,桥西,桥西区,D,N,5,130500
130521,邢台,邢台县,D,N,5,130500
130522,临城,临城县,D,N,5,130500
130523,内丘,内丘县,D,N,5,130500
130524,柏乡,柏乡县,D,N,5,130500
130525,隆尧,隆尧县,D,N,5,130500
130526,任县,任县,D,N,5,130500
130527,南和,南和县,D,N,5,130500
130528,宁晋,宁晋县,D,N,5,130500
130529,巨鹿,巨鹿县,D,N,5,130500
130530,新河,新河县,D,N,5,130500
130531,广宗,广宗县,D,N,5,130500
130532,平乡,平乡县,D,N,5,130500
130533,威县,威县,D,N,5,130500
130534,清河,清河县,D,N,5,130500
130535,临西,临西县,D,N,5,130500
130581,南宫,南宫市,D,N,5,130500
130582,沙河,沙河市,D,N,5,130500
130600,保定,保定市,C,N,4,130000
130601,市辖区,市辖区,D,N,5,130600
130602,新市,新市区,D,N,5,130600
130603,北市,北市区,D,N,5,130600
130604,南市,南市区,D,N,5,130600
130621,满城,满城县,D,N,5,130600
130622,清苑,清苑县,D,N,5,130600
130623,涞水,涞水县,D,N,5,130600
130624,阜平,阜平县,D,N,5,130600
130625,徐水,徐水县,D,N,5,130600
130626,定兴,定兴县,D,N,5,130600
130627,唐县,唐县,D,N,5,130600
130628,高阳,高阳县,D,N,5,130600
130629,容城,容城县,D,N,5,130600
130630,涞源,涞源县,D,N,5,130600
130631,望都,望都县,D,N,5,130600
130632,安新,安新县,D,N,5,130600
130633,易县,易县,D,N,5,130600
130634,曲阳,曲阳县,D,N,5,130600
130635,蠡县,蠡县,D,N,5,130600
130636,顺平,顺平县,D,N,5,130600
130637,博野,博野县,D,N,5,130600
130638,雄县,雄县,D,N,5,130600
130681,涿州,涿州市,D,N,5,130600
130682,定州,定州市,D,N,5,130600
130683,安国,安国市,D,N,5,130600
130684,高碑店,高碑店市,D,N,5,130600
130700,张家口,张家口市,C,N,4,130000
130701,市辖区,市辖区,D,N,5,130700
130702,桥东,桥东区,D,N,5,130700
130703,桥西,桥西区,D,N,5,130700
130705,宣化,宣化区,D,N,5,130700
130706,下花园,下花园区,D,N,5,130700
130721,宣化,宣化县,D,N,5,130700
130722,张北,张北县,D,N,5,130700
130723,康保,康保县,D,N,5,130700
130724,沽源,沽源县,D,N,5,130700
130725,尚义,尚义县,D,N,5,130700
130726,蔚县,蔚县,D,N,5,130700
130727,阳原,阳原县,D,N,5,130700
130728,怀安,怀安县,D,N,5,130700
130729,万全,万全县,D,N,5,130700
130730,怀来,怀来县,D,N,5,130700
130731,涿鹿,涿鹿县,D,N,5,130700
130732,赤城,赤城县,D,N,5,130700
130733,崇礼,崇礼县,D,N,5,130700
130800,承德,承德市,C,N,4,130000
130801,市辖区,市辖区,D,N,5,130800
130802,双桥,双桥区,D,N,5,130800
130803,双滦,双滦区,D,N,5,130800
130804,鹰手营子矿,鹰手营子矿区,D,N,5,130800
130821,承德,承德县,D,N,5,130800
130822,兴隆,兴隆县,D,N,5,130800
130823,平泉,平泉县,D,N,5,130800
130824,滦平,滦平县,D,N,5,130800
130825,隆化,隆化县,D,N,5,130800
130826,丰宁,丰宁满族自治县,D,N,5,130800
130827,宽城,宽城满族自治县,D,N,5,130800
130828,围场,围场满族蒙古族自治县,D,N,5,130800
130900,沧州,沧州市,C,N,4,130000
130901,市辖区,市辖区,D,N,5,130900
130902,新华,新华区,D,N,5,130900
130903,运河,运河区,D,N,5,130900
130921,沧县,沧县,D,N,5,130900
130922,青县,青县,D,N,5,130900
130923,东光,东光县,D,N,5,130900
130924,海兴,海兴县,D,N,5,130900
130925,盐山,盐山县,D,N,5,130900
130926,肃宁,肃宁县,D,N,5,130900
130927,南皮,南皮县,D,N,5,130900
130928,吴桥,吴桥县,D,N,5,130900
130929,献县,献县,D,N,5,130900
130930,孟村,孟村回族自治县,D,N,5,130900
130981,泊头,泊头市,D,N,5,130900
130982,任丘,任丘市,D,N,5,130900
130983,黄骅,黄骅市,D,N,5,130900
130984,河间,河间市,D,N,5,130900
131000,廊坊,廊坊市,C,N,4,130000
131001,市辖区,市辖区,D,N,5,131000
131002,安次,安次区,D,N,5,131000
131003,广阳,广阳区,D,N,5,131000
131022,固安,固安县,D,N,5,131000
131023,永清,永清县,D,N,5,131000
131024,香河,香河县,D,N,5,131000
131025,大城,大城县,D,N,5,131000
131026,文安,文安县,D,N,5,131000
131028,大厂,大厂回族自治县,D,N,5,131000
131081,霸州,霸州市,D,N,5,131000
131082,三河,三河市,D,N,5,131000
131100,衡水,衡水市,C,N,4,130000
131101,市辖区,市辖区,D,N,5,131100
131102,桃城,桃城区,D,N,5,131100
131121,枣强,枣强县,D,N,5,131100
131122,武邑,武邑县,D,N,5,131100
131123,武强,武强县,D,N,5,131100
131124,饶阳,饶阳县,D,N,5,131100
131125,安平,安平县,D,N,5,131100
131126,故城,故城县,D,N,5,131100
131127,景县,景县,D,N,5,131100
131128,阜城,阜城县,D,N,5,131100
131181,冀州,冀州市,D,N,5,131100
131182,深州,深州市,D,N,5,131100
140000,山西,山西省,P,N,5,102
140100,太原,太原市,C,C,3,140000
140101,市辖区,市辖区,D,N,5,140100
140105,小店,小店区,D,N,5,140100
140106,迎泽,迎泽区,D,N,5,140100
140107,杏花岭,杏花岭区,D,N,5,140100
140108,尖草坪,尖草坪区,D,N,5,140100
140109,万柏林,万柏林区,D,N,5,140100
140110,晋源,晋源区,D,N,5,140100
140121,清徐,清徐县,D,N,5,140100
140122,阳曲,阳曲县,D,N,5,140100
140123,娄烦,娄烦县,D,N,5,140100
140181,古交,古交市,D,N,5,140100
140200,大同,大同市,C,N,4,140000
140201,市辖区,市辖区,D,N,5,140200
140202,城区,城区,D,N,5,140200
140203,矿区,矿区,D,N,5,140200
140211,南郊,南郊区,D,N,5,140200
140212,新荣,新荣区,D,N,5,140200
140221,阳高,阳高县,D,N,5,140200
140222,天镇,天镇县,D,N,5,140200
140223,广灵,广灵县,D,N,5,140200
140224,灵丘,灵丘县,D,N,5,140200
140225,浑源,浑源县,D,N,5,140200
140226,左云,左云县,D,N,5,140200
140227,大同,大同县,D,N,5,140200
140300,阳泉,阳泉市,C,N,4,140000
140301,市辖区,市辖区,D,N,5,140300
140302,城区,城区,D,N,5,140300
140303,矿区,矿区,D,N,5,140300
140311,郊区,郊区,D,N,5,140300
140321,平定,平定县,D,N,5,140300
140322,盂县,盂县,D,N,5,140300
140400,长治,长治市,C,N,4,140000
140401,市辖区,市辖区,D,N,5,140400
140402,城区,城区,D,N,5,140400
140411,郊区,郊区,D,N,5,140400
140421,长治,长治县,D,N,5,140400
140423,襄垣,襄垣县,D,N,5,140400
140424,屯留,屯留县,D,N,5,140400
140425,平顺,平顺县,D,N,5,140400
140426,黎城,黎城县,D,N,5,140400
140427,壶关,壶关县,D,N,5,140400
140428,长子,长子县,D,N,5,140400
140429,武乡,武乡县,D,N,5,140400
140430,沁县,沁县,D,N,5,140400
140431,沁源,沁源县,D,N,5,140400
140481,潞城,潞城市,D,N,5,140400
140500,晋城,晋城市,C,N,4,140000
140501,市辖区,市辖区,D,N,5,140500
140502,城区,城区,D,N,5,140500
140521,沁水,沁水县,D,N,5,140500
140522,阳城,阳城县,D,N,5,140500
140524,陵川,陵川县,D,N,5,140500
140525,泽州,泽州县,D,N,5,140500
140581,高平,高平市,D,N,5,140500
140600,朔州,朔州市,C,N,4,140000
140601,市辖区,市辖区,D,N,5,140600
140602,朔城,朔城区,D,N,5,140600
140603,平鲁,平鲁区,D,N,5,140600
140621,山阴,山阴县,D,N,5,140600
140622,应县,应县,D,N,5,140600
140623,右玉,右玉县,D,N,5,140600
140624,怀仁,怀仁县,D,N,5,140600
140700,晋中,晋中市,C,N,4,140000
140701,市辖区,市辖区,D,N,5,140700
140702,榆次,榆次区,D,N,5,140700
140721,榆社,榆社县,D,N,5,140700
140722,左权,左权县,D,N,5,140700
140723,和顺,和顺县,D,N,5,140700
140724,昔阳,昔阳县,D,N,5,140700
140725,寿阳,寿阳县,D,N,5,140700
140726,太谷,太谷县,D,N,5,140700
140727,祁县,祁县,D,N,5,140700
140728,平遥,平遥县,D,N,5,140700
140729,灵石,灵石县,D,N,5,140700
140781,介休,介休市,D,N,5,140700
140800,运城,运城市,C,N,4,140000
140801,市辖区,市辖区,D,N,5,140800
140802,盐湖,盐湖区,D,N,5,140800
140821,临猗,临猗县,D,N,5,140800
140822,万荣,万荣县,D,N,5,140800
140823,闻喜,闻喜县,D,N,5,140800
140824,稷山,稷山县,D,N,5,140800
140825,新绛,新绛县,D,N,5,140800
140826,绛县,绛县,D,N,5,140800
140827,垣曲,垣曲县,D,N,5,140800
140828,夏县,夏县,D,N,5,140800
140829,平陆,平陆县,D,N,5,140800
140830,芮城,芮城县,D,N,5,140800
140881,永济,永济市,D,N,5,140800
140882,河津,河津市,D,N,5,140800
140900,忻州,忻州市,C,N,4,140000
140901,市辖区,市辖区,D,N,5,140900
140902,忻府,忻府区,D,N,5,140900
140921,定襄,定襄县,D,N,5,140900
140922,五台,五台县,D,N,5,140900
140923,代县,代县,D,N,5,140900
140924,繁峙,繁峙县,D,N,5,140900
140925,宁武,宁武县,D,N,5,140900
140926,静乐,静乐县,D,N,5,140900
140927,神池,神池县,D,N,5,140900
140928,五寨,五寨县,D,N,5,140900
140929,岢岚,岢岚县,D,N,5,140900
140930,河曲,河曲县,D,N,5,140900
140931,保德,保德县,D,N,5,140900
140932,偏关,偏关县,D,N,5,140900
140981,原平,原平市,D,N,5,140900
141000,临汾,临汾市,C,N,4,140000
141001,市辖区,市辖区,D,N,5,141000
141002,尧都,尧都区,D,N,5,141000
141021,曲沃,曲沃县,D,N,5,141000
141022,翼城,翼城县,D,N,5,141000
141023,襄汾,襄汾县,D,N,5,141000
141024,洪洞,洪洞县,D,N,5,141000
141025,古县,古县,D,N,5,141000
141026,安泽,安泽县,D,N,5,141000
141027,浮山,浮山县,D,N,5,141000
141028,吉县,吉县,D,N,5,141000
141029,乡宁,乡宁县,D,N,5,141000
141030,大宁,大宁县,D,N,5,141000
141031,隰县,隰县,D,N,5,141000
141032,永和,永和县,D,N,5,141000
141033,蒲县,蒲县,D,N,5,141000
141034,汾西,汾西县,D,N,5,141000
141081,侯马,侯马市,D,N,5,141000
141082,霍州,霍州市,D,N,5,141000
141100,吕梁,吕梁市,C,N,4,140000
141101,市辖区,市辖区,D,N,5,141100
141102,离石,离石区,D,N,5,141100
141121,文水,文水县,D,N,5,141100
141122,交城,交城县,D,N,5,141100
141123,兴县,兴县,D,N,5,141100
141124,临县,临县,D,N,5,141100
141125,柳林,柳林县,D,N,5,141100
141126,石楼,石楼县,D,N,5,141100
141127,岚县,岚县,D,N,5,141100
141128,方山,方山县,D,N,5,141100
141129,中阳,中阳县,D,N,5,141100
141130,交口,交口县,D,N,5,141100
141181,孝义,孝义市,D,N,5,141100
141182,汾阳,汾阳市,D,N,5,141100
150000,内蒙古,内蒙古自治区,P,N,5,102
150100,呼和浩特,呼和浩特市,C,N,4,150000
150101,市辖区,市辖区,D,N,5,150100
150102,新城,新城区,D,N,5,150100
150103,回民,回民区,D,N,5,150100
150104,玉泉,玉泉区,D,N,5,150100
150105,赛罕,赛罕区,D,N,5,150100
150121,土默特左旗,土默特左旗,D,N,5,150100
150122,托克托,托克托县,D,N,5,150100
150123,和林格尔,和林格尔县,D,N,5,150100
150124,清水河,清水河县,D,N,5,150100
150125,武川,武川县,D,N,5,150100
150200,包头,包头市,C,C,3,150000
150201,市辖区,市辖区,D,N,5,150200
150202,东河,东河区,D,N,5,150200
150203,昆都仑,昆都仑区,D,N,5,150200
150204,青山,青山区,D,N,5,150200
150205,石拐,石拐区,D,N,5,150200
150206,白云矿,白云矿区,D,N,5,150200
150207,九原,九原区,D,N,5,150200
150221,土默特右旗,土默特右旗,D,N,5,150200
150222,固阳,固阳县,D,N,5,150200
150223,达尔罕茂明安联合旗,达尔罕茂明安联合旗,D,N,5,150200
150300,乌海,乌海市,C,N,4,150000
150301,市辖区,市辖区,D,N,5,150300
150302,海勃湾,海勃湾区,D,N,5,150300
150303,海南,海南区,D,N,5,150300
150304,乌达,乌达区,D,N,5,150300
150400,赤峰,赤峰市,C,N,4,150000
150401,市辖区,市辖区,D,N,5,150400
150402,红山,红山区,D,N,5,150400
150403,元宝山,元宝山区,D,N,5,150400
150404,松山,松山区,D,N,5,150400
150421,阿鲁科尔沁旗,阿鲁科尔沁旗,D,N,5,150400
150422,巴林左旗,巴林左旗,D,N,5,150400
150423,巴林右旗,巴林右旗,D,N,5,150400
150424,林西,林西县,D,N,5,150400
150425,克什克腾旗,克什克腾旗,D,N,5,150400
150426,翁牛特旗,翁牛特旗,D,N,5,150400
150428,喀喇沁旗,喀喇沁旗,D,N,5,150400
150429,宁城,宁城县,D,N,5,150400
150430,敖汉旗,敖汉旗,D,N,5,150400
150500,通辽,通辽市,C,N,4,150000
150501,市辖区,市辖区,D,N,5,150500
150502,科尔沁,科尔沁区,D,N,5,150500
150521,科尔沁左翼中旗,科尔沁左翼中旗,D,N,5,150500
150522,科尔沁左翼后旗,科尔沁左翼后旗,D,N,5,150500
150523,开鲁,开鲁县,D,N,5,150500
150524,库伦旗,库伦旗,D,N,5,150500
150525,奈曼旗,奈曼旗,D,N,5,150500
150526,扎鲁特旗,扎鲁特旗,D,N,5,150500
150581,霍林郭勒,霍林郭勒市,D,N,5,150500
150600,鄂尔多斯,鄂尔多斯市,C,N,4,150000
150602,东胜,东胜区,D,N,5,150600
150621,达拉特旗,达拉特旗,D,N,5,150600
150622,准格尔旗,准格尔旗,D,N,5,150600
150623,鄂托克前旗,鄂托克前旗,D,N,5,150600
150624,鄂托克旗,鄂托克旗,D,N,5,150600
150625,杭锦旗,杭锦旗,D,N,5,150600
150626,乌审旗,乌审旗,D,N,5,150600
150627,伊金霍洛旗,伊金霍洛旗,D,N,5,150600
150700,呼伦贝尔,呼伦贝尔市,C,N,4,150000
150701,市辖区,市辖区,D,N,5,150700
150702,海拉尔,海拉尔区,D,N,5,150700
150721,阿荣旗,阿荣旗,D,N,5,150700
150722,莫力达瓦达斡尔族自治旗,莫力达瓦达斡尔族自治旗,D,N,5,150700
150723,鄂伦春自治旗,鄂伦春自治旗,D,N,5,150700
150724,鄂温克族自治旗,鄂温克族自治旗,D,N,5,150700
150725,陈巴尔虎旗,陈巴尔虎旗,D,N,5,150700
150726,新巴尔虎左旗,新巴尔虎左旗,D,N,5,150700
150727,新巴尔虎右旗,新巴尔虎右旗,D,N,5,150700
150781,满洲里,满洲里市,D,N,5,150700
150782,牙克石,牙克石市,D,N,5,150700
150783,扎兰屯,扎兰屯市,D,N,5,150700
150784,额尔古纳,额尔古纳市,D,N,5,150700
150785,根河,根河市,D,N,5,150700
150800,巴彦淖尔,巴彦淖尔市,C,N,4,150000
150801,市辖区,市辖区,D,N,5,150800
150802,临河,临河区,D,N,5,150800
150821,五原,五原县,D,N,5,150800
150822,磴口,磴口县,D,N,5,150800
150823,乌拉特前旗,乌拉特前旗,D,N,5,150800
150824,乌拉特中旗,乌拉特中旗,D,N,5,150800
150825,乌拉特后旗,乌拉特后旗,D,N,5,150800
150826,杭锦后旗,杭锦后旗,D,N,5,150800
150900,乌兰察布,乌兰察布市,C,N,4,150000
150901,市辖区,市辖区,D,N,5,150900
150902,集宁,集宁区,D,N,5,150900
150921,卓资,卓资县,D,N,5,150900
150922,化德,化德县,D,N,5,150900
150923,商都,商都县,D,N,5,150900
150924,兴和,兴和县,D,N,5,150900
150925,凉城,凉城县,D,N,5,150900
150926,察哈尔右翼前旗,察哈尔右翼前旗,D,N,5,150900
150927,察哈尔右翼中旗,察哈尔右翼中旗,D,N,5,150900
150928,察哈尔右翼后旗,察哈尔右翼后旗,D,N,5,150900
150929,四子王旗,四子王旗,D,N,5,150900
150981,丰镇,丰镇市,D,N,5,150900
152200,兴安盟,兴安盟,C,N,4,150000
152201,乌兰浩特,乌兰浩特市,D,N,5,152200
152202,阿尔山,阿尔山市,D,N,5,152200
152221,科尔沁右翼前旗,科尔沁右翼前旗,D,N,5,152200
152222,科尔沁右翼中旗,科尔沁右翼中旗,D,N,5,152200
152223,扎赉特旗,扎赉特旗,D,N,5,152200
152224,突泉,突泉县,D,N,5,152200
152500,锡林郭勒盟,锡林郭勒盟,C,N,4,150000
152501,二连浩特,二连浩特市,D,N,5,152500
152502,锡林浩特,锡林浩特市,D,N,5,152500
152522,阿巴嘎旗,阿巴嘎旗,D,N,5,152500
152523,苏尼特左旗,苏尼特左旗,D,N,5,152500
152524,苏尼特右旗,苏尼特右旗,D,N,5,152500
152525,东乌珠穆沁旗,东乌珠穆沁旗,D,N,5,152500
152526,西乌珠穆沁旗,西乌珠穆沁旗,D,N,5,152500
152527,太仆寺旗,太仆寺旗,D,N,5,152500
152528,镶黄旗,镶黄旗,D,N,5,152500
152529,正镶白旗,正镶白旗,D,N,5,152500
152530,正蓝旗,正蓝旗,D,N,5,152500
152531,多伦,多伦县,D,N,5,152500
152900,阿拉善盟,阿拉善盟,C,N,4,150000
152921,阿拉善左旗,阿拉善左旗,D,N,5,152900
152922,阿拉善右旗,阿拉善右旗,D,N,5,152900
152923,额济纳旗,额济纳旗,D,N,5,152900
210000,辽宁,辽宁省,P,N,5,101
210100,沈阳,沈阳市,C,C,3,210000
210101,市辖区,市辖区,D,N,5,210100
210102,和平,和平区,D,N,5,210100
210103,沈河,沈河区,D,N,5,210100
210104,大东,大东区,D,N,5,210100
210105,皇姑,皇姑区,D,N,5,210100
210106,铁西,铁西区,D,N,5,210100
210111,苏家屯,苏家屯区,D,N,5,210100
210112,东陵,东陵区,D,N,5,210100
210113,沈北新区*,沈北新区*,D,N,5,210100
210114,于洪,于洪区,D,N,5,210100
210122,辽中,辽中县,D,N,5,210100
210123,康平,康平县,D,N,5,210100
210124,法库,法库县,D,N,5,210100
210181,新民,新民市,D,N,5,210100
210200,大连,大连市,C,M,2,210000
210201,市辖区,市辖区,D,N,5,210200
210202,中山,中山区,D,N,5,210200
210203,西岗,西岗区,D,N,5,210200
210204,沙河口,沙河口区,D,N,5,210200
210211,甘井子,甘井子区,D,N,5,210200
210212,旅顺口,旅顺口区,D,N,5,210200
210213,金州,金州区,D,N,5,210200
210224,长海,长海县,D,N,5,210200
210281,瓦房店,瓦房店市,D,N,5,210200
210282,普兰店,普兰店市,D,N,5,210200
210283,庄河,庄河市,D,N,5,210200
210300,鞍山,鞍山市,C,N,4,210000
210301,市辖区,市辖区,D,N,5,210300
210302,铁东,铁东区,D,N,5,210300
210303,铁西,铁西区,D,N,5,210300
210304,立山,立山区,D,N,5,210300
210311,千山,千山区,D,N,5,210300
210321,台安,台安县,D,N,5,210300
210323,岫岩,岫岩满族自治县,D,N,5,210300
210381,海城,海城市,D,N,5,210300
210400,抚顺,抚顺市,C,N,4,210000
210401,市辖区,市辖区,D,N,5,210400
210402,新抚,新抚区,D,N,5,210400
210403,东洲,东洲区,D,N,5,210400
210404,望花,望花区,D,N,5,210400
210411,顺城,顺城区,D,N,5,210400
210421,抚顺,抚顺县,D,N,5,210400
210422,新宾,新宾满族自治县,D,N,5,210400
210423,清原,清原满族自治县,D,N,5,210400
210500,本溪,本溪市,C,N,4,210000
210501,市辖区,市辖区,D,N,5,210500
210502,平山,平山区,D,N,5,210500
210503,溪湖,溪湖区,D,N,5,210500
210504,明山,明山区,D,N,5,210500
210505,南芬,南芬区,D,N,5,210500
210521,本溪,本溪满族自治县,D,N,5,210500
210522,桓仁,桓仁满族自治县,D,N,5,210500
210600,丹东,丹东市,C,N,4,210000
210601,市辖区,市辖区,D,N,5,210600
210602,元宝,元宝区,D,N,5,210600
210603,振兴,振兴区,D,N,5,210600
210604,振安,振安区,D,N,5,210600
210624,宽甸,宽甸满族自治县,D,N,5,210600
210681,东港,东港市,D,N,5,210600
210682,凤城,凤城市,D,N,5,210600
210700,锦州,锦州市,C,N,4,210000
210701,市辖区,市辖区,D,N,5,210700
210702,古塔,古塔区,D,N,5,210700
210703,凌河,凌河区,D,N,5,210700
210711,太和,太和区,D,N,5,210700
210726,黑山,黑山县,D,N,5,210700
210727,义县,义县,D,N,5,210700
210781,凌海,凌海市,D,N,5,210700
210782,北镇市*,北镇市*,D,N,5,210700
210800,营口,营口市,C,N,4,210000
210801,市辖区,市辖区,D,N,5,210800
210802,站前,站前区,D,N,5,210800
210803,西市,西市区,D,N,5,210800
210804,鲅鱼圈,鲅鱼圈区,D,N,5,210800
210811,老边,老边区,D,N,5,210800
210881,盖州,盖州市,D,N,5,210800
210882,大石桥,大石桥市,D,N,5,210800
210900,阜新,阜新市,C,N,4,210000
210901,市辖区,市辖区,D,N,5,210900
210902,海州,海州区,D,N,5,210900
210903,新邱,新邱区,D,N,5,210900
210904,太平,太平区,D,N,5,210900
210905,清河门,清河门区,D,N,5,210900
210911,细河,细河区,D,N,5,210900
210921,阜新,阜新蒙古族自治县,D,N,5,210900
210922,彰武,彰武县,D,N,5,210900
211000,辽阳,辽阳市,C,N,4,210000
211001,市辖区,市辖区,D,N,5,211000
211002,白塔,白塔区,D,N,5,211000
211003,文圣,文圣区,D,N,5,211000
211004,宏伟,宏伟区,D,N,5,211000
211005,弓长岭,弓长岭区,D,N,5,211000
211011,太子河,太子河区,D,N,5,211000
211021,辽阳,辽阳县,D,N,5,211000
211081,灯塔,灯塔市,D,N,5,211000
211100,盘锦,盘锦市,C,N,4,210000
211101,市辖区,市辖区,D,N,5,211100
211102,双台子,双台子区,D,N,5,211100
211103,兴隆台,兴隆台区,D,N,5,211100
211121,大洼,大洼县,D,N,5,211100
211122,盘山,盘山县,D,N,5,211100
211200,铁岭,铁岭市,C,N,4,210000
211201,市辖区,市辖区,D,N,5,211200
211202,银州,银州区,D,N,5,211200
211204,清河,清河区,D,N,5,211200
211221,铁岭,铁岭县,D,N,5,211200
211223,西丰,西丰县,D,N,5,211200
211224,昌图,昌图县,D,N,5,211200
211281,调兵山,调兵山市,D,N,5,211200
211282,开原,开原市,D,N,5,211200
211300,朝阳,朝阳市,C,N,4,210000
211301,市辖区,市辖区,D,N,5,211300
211302,双塔,双塔区,D,N,5,211300
211303,龙城,龙城区,D,N,5,211300
211321,朝阳,朝阳县,D,N,5,211300
211322,建平,建平县,D,N,5,211300
211324,喀喇沁左翼,喀喇沁左翼蒙古族自治县,D,N,5,211300
211381,北票,北票市,D,N,5,211300
211382,凌源,凌源市,D,N,5,211300
211400,葫芦岛,葫芦岛市,C,N,4,210000
211401,市辖区,市辖区,D,N,5,211400
211402,连山,连山区,D,N,5,211400
211403,龙港,龙港区,D,N,5,211400
211404,南票,南票区,D,N,5,211400
211421,绥中,绥中县,D,N,5,211400
211422,建昌,建昌县,D,N,5,211400
211481,城市,城市,D,N,5,211400
220000,吉林,吉林省,P,N,5,101
220100,长春,长春市,C,C,3,220000
220101,市辖区,市辖区,D,N,5,220100
220102,南关,南关区,D,N,5,220100
220103,宽城,宽城区,D,N,5,220100
220104,朝阳,朝阳区,D,N,5,220100
220105,二道,二道区,D,N,5,220100
220106,绿园,绿园区,D,N,5,220100
220112,双阳,双阳区,D,N,5,220100
220122,农安,农安县,D,N,5,220100
220181,九台,九台市,D,N,5,220100
220182,榆树,榆树市,D,N,5,220100
220183,德惠,德惠市,D,N,5,220100
220200,吉林,吉林市,C,N,4,220000
220201,市辖区,市辖区,D,N,5,220200
220202,昌邑,昌邑区,D,N,5,220200
220203,龙潭,龙潭区,D,N,5,220200
220204,船营,船营区,D,N,5,220200
220211,丰满,丰满区,D,N,5,220200
220221,永吉,永吉县,D,N,5,220200
220281,蛟河,蛟河市,D,N,5,220200
220282,桦甸,桦甸市,D,N,5,220200
220283,舒兰,舒兰市,D,N,5,220200
220284,磐石,磐石市,D,N,5,220200
220300,四平,四平市,C,N,4,220000
220301,市辖区,市辖区,D,N,5,220300
220302,铁西,铁西区,D,N,5,220300
220303,铁东,铁东区,D,N,5,220300
220322,梨树,梨树县,D,N,5,220300
220323,伊通,伊通满族自治县,D,N,5,220300
220381,公主岭,公主岭市,D,N,5,220300
220382,双辽,双辽市,D,N,5,220300
220400,辽源,辽源市,C,N,4,220000
220401,市辖区,市辖区,D,N,5,220400
220402,龙山,龙山区,D,N,5,220400
220403,西安,西安区,D,N,5,220400
220421,东丰,东丰县,D,N,5,220400
220422,东辽,东辽县,D,N,5,220400
220500,通化,通化市,C,N,4,220000
220501,市辖区,市辖区,D,N,5,220500
220502,东昌,东昌区,D,N,5,220500
220503,二道江,二道江区,D,N,5,220500
220521,通化,通化县,D,N,5,220500
220523,辉南,辉南县,D,N,5,220500
220524,柳河,柳河县,D,N,5,220500
220581,梅河口,梅河口市,D,N,5,220500
220582,集安,集安市,D,N,5,220500
220600,白山,白山市,C,N,4,220000
220601,市辖区,市辖区,D,N,5,220600
220602,八道江,八道江区,D,N,5,220600
220604,江源,江源区,D,N,5,220600
220621,抚松,抚松县,D,N,5,220600
220622,靖宇,靖宇县,D,N,5,220600
220623,长白,长白朝鲜族自治县,D,N,5,220600
220681,临江,临江市,D,N,5,220600
220700,松原,松原市,C,N,4,220000
220701,市辖区,市辖区,D,N,5,220700
220702,宁江,宁江区,D,N,5,220700
220721,前郭尔罗斯,前郭尔罗斯蒙古族自治县,D,N,5,220700
220722,长岭,长岭县,D,N,5,220700
220723,乾安,乾安县,D,N,5,220700
220724,扶余,扶余县,D,N,5,220700
220800,白城,白城市,C,N,4,220000
220801,市辖区,市辖区,D,N,5,220800
220802,洮北,洮北区,D,N,5,220800
220821,镇赉,镇赉县,D,N,5,220800
220822,通榆,通榆县,D,N,5,220800
220881,洮南,洮南市,D,N,5,220800
220882,大安,大安市,D,N,5,220800
222400,延边,延边朝鲜族自治州,C,N,4,220000
222401,延吉,延吉市,D,N,5,222400
222402,图们,图们市,D,N,5,222400
222403,敦化,敦化市,D,N,5,222400
222404,珲春,珲春市,D,N,5,222400
222405,龙井,龙井市,D,N,5,222400
222406,和龙,和龙市,D,N,5,222400
222424,汪清,汪清县,D,N,5,222400
222426,安图,安图县,D,N,5,222400
230000,黑龙江,黑龙江省,P,N,5,101
230100,哈尔滨,哈尔滨市,C,C,3,230000
230101,市辖区,市辖区,D,N,5,230100
230102,道里,道里区,D,N,5,230100
230103,南岗,南岗区,D,N,5,230100
230104,道外,道外区,D,N,5,230100
230108,平房,平房区,D,N,5,230100
230109,松北,松北区,D,N,5,230100
230110,香坊,香坊区,D,N,5,230100
230111,呼兰,呼兰区,D,N,5,230100
230112,阿城,阿城区,D,N,5,230100
230123,依兰,依兰县,D,N,5,230100
230124,方正,方正县,D,N,5,230100
230125,宾县,宾县,D,N,5,230100
230126,巴彦,巴彦县,D,N,5,230100
230127,木兰,木兰县,D,N,5,230100
230128,通河,通河县,D,N,5,230100
230129,延寿,延寿县,D,N,5,230100
230182,双城,双城市,D,N,5,230100
230183,尚志,尚志市,D,N,5,230100
230184,五常,五常市,D,N,5,230100
230200,齐齐哈尔,齐齐哈尔市,C,N,4,230000
230201,市辖区,市辖区,D,N,5,230200
230202,龙沙,龙沙区,D,N,5,230200
230203,建华,建华区,D,N,5,230200
230204,铁锋,铁锋区,D,N,5,230200
230205,昂昂溪,昂昂溪区,D,N,5,230200
230206,富拉尔基,富拉尔基区,D,N,5,230200
230207,碾子山,碾子山区,D,N,5,230200
230208,梅里斯达斡尔族,梅里斯达斡尔族区,D,N,5,230200
230221,龙江,龙江县,D,N,5,230200
230223,依安,依安县,D,N,5,230200
230224,泰来,泰来县,D,N,5,230200
230225,甘南,甘南县,D,N,5,230200
230227,富裕,富裕县,D,N,5,230200
230229,克山,克山县,D,N,5,230200
230230,克东,克东县,D,N,5,230200
230231,拜泉,拜泉县,D,N,5,230200
230281,讷河,讷河市,D,N,5,230200
230300,鸡西,鸡西市,C,N,4,230000
230301,市辖区,市辖区,D,N,5,230300
230302,鸡冠,鸡冠区,D,N,5,230300
230303,恒山,恒山区,D,N,5,230300
230304,滴道,滴道区,D,N,5,230300
230305,梨树,梨树区,D,N,5,230300
230306,城子河,城子河区,D,N,5,230300
230307,麻山,麻山区,D,N,5,230300
230321,鸡东,鸡东县,D,N,5,230300
230381,虎林,虎林市,D,N,5,230300
230382,密山,密山市,D,N,5,230300
230400,鹤岗,鹤岗市,C,N,4,230000
230401,市辖区,市辖区,D,N,5,230400
230402,向阳,向阳区,D,N,5,230400
230403,工农,工农区,D,N,5,230400
230404,南山,南山区,D,N,5,230400
230405,兴安,兴安区,D,N,5,230400
230406,东山,东山区,D,N,5,230400
230407,兴山,兴山区,D,N,5,230400
230421,萝北,萝北县,D,N,5,230400
230422,绥滨,绥滨县,D,N,5,230400
230500,双鸭山,双鸭山市,C,N,4,230000
230501,市辖区,市辖区,D,N,5,230500
230502,尖山,尖山区,D,N,5,230500
230503,岭东,岭东区,D,N,5,230500
230505,四方台,四方台区,D,N,5,230500
230506,宝山,宝山区,D,N,5,230500
230521,集贤,集贤县,D,N,5,230500
230522,友谊,友谊县,D,N,5,230500
230523,宝清,宝清县,D,N,5,230500
230524,饶河,饶河县,D,N,5,230500
230600,大庆,大庆市,C,N,4,230000
230601,市辖区,市辖区,D,N,5,230600
230602,萨尔图,萨尔图区,D,N,5,230600
230603,龙凤,龙凤区,D,N,5,230600
230604,让胡路,让胡路区,D,N,5,230600
230605,红岗,红岗区,D,N,5,230600
230606,大同,大同区,D,N,5,230600
230621,肇州,肇州县,D,N,5,230600
230622,肇源,肇源县,D,N,5,230600
230623,林甸,林甸县,D,N,5,230600
230624,杜尔伯特,杜尔伯特蒙古族自治县,D,N,5,230600
230700,伊春,伊春市,C,N,4,230000
230701,市辖区,市辖区,D,N,5,230700
230702,伊春,伊春区,D,N,5,230700
230703,南岔,南岔区,D,N,5,230700
230704,友好,友好区,D,N,5,230700
230705,西林,西林区,D,N,5,230700
230706,翠峦,翠峦区,D,N,5,230700
230707,新青,新青区,D,N,5,230700
230708,美溪,美溪区,D,N,5,230700
230709,金山屯,金山屯区,D,N,5,230700
230710,五营,五营区,D,N,5,230700
230711,乌马河,乌马河区,D,N,5,230700
230712,汤旺河,汤旺河区,D,N,5,230700
230713,带岭,带岭区,D,N,5,230700
230714,乌伊岭,乌伊岭区,D,N,5,230700
230715,红星,红星区,D,N,5,230700
230716,上甘岭,上甘岭区,D,N,5,230700
230722,嘉荫,嘉荫县,D,N,5,230700
230781,铁力,铁力市,D,N,5,230700
230800,佳木斯,佳木斯市,C,N,4,230000
230801,市辖区,市辖区,D,N,5,230800
230803,向阳,向阳区,D,N,5,230800
230804,前进,前进区,D,N,5,230800
230805,东风,东风区,D,N,5,230800
230811,郊区,郊区,D,N,5,230800
230822,桦南,桦南县,D,N,5,230800
230826,桦川,桦川县,D,N,5,230800
230828,汤原,汤原县,D,N,5,230800
230833,抚远,抚远县,D,N,5,230800
230881,同江,同江市,D,N,5,230800
230882,富锦,富锦市,D,N,5,230800
230900,七台河,七台河市,C,N,4,230000
230901,市辖区,市辖区,D,N,5,230900
230902,新兴,新兴区,D,N,5,230900
230903,桃山,桃山区,D,N,5,230900
230904,茄子河,茄子河区,D,N,5,230900
230921,勃利,勃利县,D,N,5,230900
231000,牡丹江,牡丹江市,C,N,4,230000
231001,市辖区,市辖区,D,N,5,231000
231002,东安,东安区,D,N,5,231000
231003,阳明,阳明区,D,N,5,231000
231004,爱民,爱民区,D,N,5,231000
231005,西安,西安区,D,N,5,231000
231024,东宁,东宁县,D,N,5,231000
231025,林口,林口县,D,N,5,231000
231081,绥芬河,绥芬河市,D,N,5,231000
231083,海林,海林市,D,N,5,231000
231084,宁安,宁安市,D,N,5,231000
231085,穆棱,穆棱市,D,N,5,231000
231100,黑河,黑河市,C,N,4,230000
231101,市辖区,市辖区,D,N,5,231100
231102,爱辉,爱辉区,D,N,5,231100
231121,嫩江,嫩江县,D,N,5,231100
231123,逊克,逊克县,D,N,5,231100
231124,孙吴,孙吴县,D,N,5,231100
231181,北安,北安市,D,N,5,231100
231182,五大连池,五大连池市,D,N,5,231100
231200,绥化,绥化市,C,N,4,230000
231201,市辖区,市辖区,D,N,5,231200
231202,北林,北林区,D,N,5,231200
231221,望奎,望奎县,D,N,5,231200
231222,兰西,兰西县,D,N,5,231200
231223,青冈,青冈县,D,N,5,231200
231224,庆安,庆安县,D,N,5,231200
231225,明水,明水县,D,N,5,231200
231226,绥棱,绥棱县,D,N,5,231200
231281,安达,安达市,D,N,5,231200
231282,肇东,肇东市,D,N,5,231200
231283,海伦,海伦市,D,N,5,231200
232700,大兴安岭,大兴安岭地区,C,N,4,230000
232701,加格达奇,加格达奇区,D,N,5,232700
232702,松岭,松岭区,D,N,5,232700
232703,新林,新林区,D,N,5,232700
232704,呼中,呼中区,D,N,5,232700
232721,呼玛,呼玛县,D,N,5,232700
232722,塔河,塔河县,D,N,5,232700
232723,漠河,漠河县,D,N,5,232700
310000,上海,上海市,P,N,5,104
310100,市辖区,市辖区,C,N,4,310000
310101,黄浦,黄浦区,D,N,5,310100
310103,卢湾,卢湾区,D,N,5,310100
310104,徐汇,徐汇区,D,N,5,310100
310105,长宁,长宁区,D,N,5,310100
310106,静安,静安区,D,N,5,310100
310107,普陀,普陀区,D,N,5,310100
310108,闸北,闸北区,D,N,5,310100
310109,虹口,虹口区,D,N,5,310100
310110,杨浦,杨浦区,D,N,5,310100
310112,闵行,闵行区,D,N,5,310100
310113,宝山,宝山区,D,N,5,310100
310114,嘉定,嘉定区,D,N,5,310100
310115,浦东新区,浦东新区,D,N,5,310100
310116,金山,金山区,D,N,5,310100
310117,松江,松江区,D,N,5,310100
310118,青浦,青浦区,D,N,5,310100
310119,南汇,南汇区,D,N,5,310100
310120,奉贤,奉贤区,D,N,5,310100
310200,县,县,C,N,4,310000
310230,崇明,崇明县,D,N,5,310200
320000,江苏,江苏省,P,N,5,104
320100,南京,南京市,C,C,2,320000
320101,市辖区,市辖区,D,N,5,320100
320102,玄武,玄武区,D,N,5,320100
320103,白下,白下区,D,N,5,320100
320104,秦淮,秦淮区,D,N,5,320100
320105,建邺,建邺区,D,N,5,320100
320106,鼓楼,鼓楼区,D,N,5,320100
320107,下关,下关区,D,N,5,320100
320111,浦口,浦口区,D,N,5,320100
320113,栖霞,栖霞区,D,N,5,320100
320114,雨花台,雨花台区,D,N,5,320100
320115,江宁,江宁区,D,N,5,320100
320116,六合,六合区,D,N,5,320100
320124,溧水,溧水县,D,N,5,320100
320125,高淳,高淳县,D,N,5,320100
320200,无锡,无锡市,C,M,3,320000
320201,市辖区,市辖区,D,N,5,320200
320202,崇安,崇安区,D,N,5,320200
320203,南长,南长区,D,N,5,320200
320204,北塘,北塘区,D,N,5,320200
320205,锡山,锡山区,D,N,5,320200
320206,惠山,惠山区,D,N,5,320200
320211,滨湖,滨湖区,D,N,5,320200
320281,江阴,江阴市,D,N,5,320200
320282,宜兴,宜兴市,D,N,5,320200
320300,徐州,徐州市,C,N,4,320000
320301,市辖区,市辖区,D,N,5,320300
320302,鼓楼,鼓楼区,D,N,5,320300
320303,云龙,云龙区,D,N,5,320300
320304,九里,九里区,D,N,5,320300
320305,贾汪,贾汪区,D,N,5,320300
320311,泉山,泉山区,D,N,5,320300
320321,丰县,丰县,D,N,5,320300
320322,沛县,沛县,D,N,5,320300
320323,铜山,铜山县,D,N,5,320300
320324,睢宁,睢宁县,D,N,5,320300
320381,新沂,新沂市,D,N,5,320300
320382,邳州,邳州市,D,N,5,320300
320400,常州,常州市,C,M,3,320000
320401,市辖区,市辖区,D,N,5,320400
320402,天宁,天宁区,D,N,5,320400
320404,钟楼,钟楼区,D,N,5,320400
320405,戚墅堰,戚墅堰区,D,N,5,320400
320411,新北,新北区,D,N,5,320400
320412,武进,武进区,D,N,5,320400
320481,溧阳市32048金坛,溧阳市32048金坛市,D,N,5,320400
320500,苏州,苏州市,C,M,2,320000
320501,市辖区,市辖区,D,N,5,320500
320502,沧浪,沧浪区,D,N,5,320500
320503,平江,平江区,D,N,5,320500
320504,金阊,金阊区,D,N,5,320500
320505,虎丘,虎丘区,D,N,5,320500
320506,吴中,吴中区,D,N,5,320500
320507,相城,相城区,D,N,5,320500
320581,常熟,常熟市,D,N,5,320500
320582,张家港,张家港市,D,N,5,320500
320583,昆山,昆山市,D,N,5,320500
320584,吴江,吴江市,D,N,5,320500
320585,太仓,太仓市,D,N,5,320500
320600,南通,南通市,C,N,4,320000
320601,市辖区,市辖区,D,N,5,320600
320602,崇川,崇川区,D,N,5,320600
320611,港闸,港闸区,D,N,5,320600
320621,海安,海安县,D,N,5,320600
320623,如东,如东县,D,N,5,320600
320681,启东,启东市,D,N,5,320600
320682,如皋,如皋市,D,N,5,320600
320683,通州,通州市,D,N,5,320600
320684,海门,海门市,D,N,5,320600
320700,连云港,连云港市,C,N,4,320000
320701,市辖区,市辖区,D,N,5,320700
320703,连云,连云区,D,N,5,320700
320705,新浦,新浦区,D,N,5,320700
320706,海州,海州区,D,N,5,320700
320721,赣榆,赣榆县,D,N,5,320700
320722,东海,东海县,D,N,5,320700
320723,灌云,灌云县,D,N,5,320700
320724,灌南,灌南县,D,N,5,320700
320800,淮安,淮安市,C,N,4,320000
320801,市辖区,市辖区,D,N,5,320800
320802,清河,清河区,D,N,5,320800
320803,楚州,楚州区,D,N,5,320800
320804,淮阴,淮阴区,D,N,5,320800
320811,清浦,清浦区,D,N,5,320800
320826,涟水,涟水县,D,N,5,320800
320829,洪泽,洪泽县,D,N,5,320800
320830,盱眙,盱眙县,D,N,5,320800
320831,金湖,金湖县,D,N,5,320800
320900,盐城,盐城市,C,N,4,320000
320901,市辖区,市辖区,D,N,5,320900
320902,亭湖,亭湖区,D,N,5,320900
320903,盐都,盐都区,D,N,5,320900
320921,响水,响水县,D,N,5,320900
320922,滨海,滨海县,D,N,5,320900
320923,阜宁,阜宁县,D,N,5,320900
320924,射阳,射阳县,D,N,5,320900
320925,建湖,建湖县,D,N,5,320900
320981,东台,东台市,D,N,5,320900
320982,大丰,大丰市,D,N,5,320900
321000,扬州,扬州市,C,N,4,320000
321001,市辖区,市辖区,D,N,5,321000
321002,广陵,广陵区,D,N,5,321000
321003,邗江,邗江区,D,N,5,321000
321011,维扬,维扬区,D,N,5,321000
321023,宝应,宝应县,D,N,5,321000
321081,仪征,仪征市,D,N,5,321000
321084,高邮,高邮市,D,N,5,321000
321088,江都,江都市,D,N,5,321000
321100,镇江,镇江市,C,N,4,320000
321101,市辖区,市辖区,D,N,5,321100
321102,京口,京口区,D,N,5,321100
321111,润州,润州区,D,N,5,321100
321112,丹徒,丹徒区,D,N,5,321100
321181,丹阳,丹阳市,D,N,5,321100
321182,扬中,扬中市,D,N,5,321100
321183,句容,句容市,D,N,5,321100
321200,泰州,泰州市,C,N,4,320000
321201,市辖区,市辖区,D,N,5,321200
321202,海陵,海陵区,D,N,5,321200
321203,高港,高港区,D,N,5,321200
321281,兴化,兴化市,D,N,5,321200
321282,靖江,靖江市,D,N,5,321200
321283,泰兴,泰兴市,D,N,5,321200
321284,姜堰,姜堰市,D,N,5,321200
321300,宿迁,宿迁市,C,N,4,320000
321301,市辖区,市辖区,D,N,5,321300
321302,宿城,宿城区,D,N,5,321300
321311,宿豫,宿豫区,D,N,5,321300
321322,沭阳,沭阳县,D,N,5,321300
321323,泗阳,泗阳县,D,N,5,321300
321324,泗洪,泗洪县,D,N,5,321300
330000,浙江,浙江省,P,N,5,104
330100,杭州,杭州市,C,C,2,330000
330101,市辖区,市辖区,D,N,5,330100
330102,上城,上城区,D,N,5,330100
330103,下城,下城区,D,N,5,330100
330104,江干,江干区,D,N,5,330100
330105,拱墅,拱墅区,D,N,5,330100
330106,西湖,西湖区,D,N,5,330100
330108,滨江,滨江区,D,N,5,330100
330109,萧山,萧山区,D,N,5,330100
330110,余杭,余杭区,D,N,5,330100
330122,桐庐,桐庐县,D,N,5,330100
330127,淳安,淳安县,D,N,5,330100
330182,建德,建德市,D,N,5,330100
330183,富阳,富阳市,D,N,5,330100
330185,临安,临安市,D,N,5,330100
330200,宁波,宁波市,C,M,2,330000
330201,市辖区,市辖区,D,N,5,330200
330203,海曙,海曙区,D,N,5,330200
330204,江东,江东区,D,N,5,330200
330205,江北,江北区,D,N,5,330200
330206,北仑,北仑区,D,N,5,330200
330211,镇海,镇海区,D,N,5,330200
330212,鄞州,鄞州区,D,N,5,330200
330225,象山,象山县,D,N,5,330200
330226,宁海,宁海县,D,N,5,330200
330281,余姚,余姚市,D,N,5,330200
330282,慈溪,慈溪市,D,N,5,330200
330283,奉化,奉化市,D,N,5,330200
330300,温州,温州市,C,M,3,330000
330301,市辖区,市辖区,D,N,5,330300
330302,鹿城,鹿城区,D,N,5,330300
330303,龙湾,龙湾区,D,N,5,330300
330304,瓯海,瓯海区,D,N,5,330300
330322,洞头,洞头县,D,N,5,330300
330324,永嘉,永嘉县,D,N,5,330300
330326,平阳,平阳县,D,N,5,330300
330327,苍南,苍南县,D,N,5,330300
330328,文成,文成县,D,N,5,330300
330329,泰顺,泰顺县,D,N,5,330300
330381,瑞安,瑞安市,D,N,5,330300
330382,乐清,乐清市,D,N,5,330300
330400,嘉兴,嘉兴市,C,M,3,330000
330401,市辖区,市辖区,D,N,5,330400
330402,秀城,秀城区,D,N,5,330400
330411,秀洲,秀洲区,D,N,5,330400
330421,嘉善,嘉善县,D,N,5,330400
330424,海盐,海盐县,D,N,5,330400
330481,海宁,海宁市,D,N,5,330400
330482,平湖,平湖市,D,N,5,330400
330483,桐乡,桐乡市,D,N,5,330400
330500,湖州,湖州市,C,N,4,330000
330501,市辖区,市辖区,D,N,5,330500
330502,吴兴,吴兴区,D,N,5,330500
330503,南浔,南浔区,D,N,5,330500
330521,德清,德清县,D,N,5,330500
330522,长兴,长兴县,D,N,5,330500
330523,安吉,安吉县,D,N,5,330500
330600,绍兴,绍兴市,C,N,4,330000
330601,市辖区,市辖区,D,N,5,330600
330602,越城,越城区,D,N,5,330600
330621,绍兴,绍兴县,D,N,5,330600
330624,新昌,新昌县,D,N,5,330600
330681,诸暨,诸暨市,D,N,5,330600
330682,上虞,上虞市,D,N,5,330600
330683,嵊州,嵊州市,D,N,5,330600
330700,金华,金华市,C,N,4,330000
330701,市辖区,市辖区,D,N,5,330700
330702,婺城,婺城区,D,N,5,330700
330703,金东,金东区,D,N,5,330700
330723,武义,武义县,D,N,5,330700
330726,浦江,浦江县,D,N,5,330700
330727,磐安,磐安县,D,N,5,330700
330781,兰溪,兰溪市,D,N,5,330700
330782,义乌,义乌市,D,N,5,330700
330783,东阳,东阳市,D,N,5,330700
330784,永康,永康市,D,N,5,330700
330800,衢州,衢州市,C,N,4,330000
330801,市辖区,市辖区,D,N,5,330800
330802,柯城,柯城区,D,N,5,330800
330803,衢江,衢江区,D,N,5,330800
330822,常山,常山县,D,N,5,330800
330824,开化,开化县,D,N,5,330800
330825,龙游,龙游县,D,N,5,330800
330881,江山,江山市,D,N,5,330800
330900,舟山,舟山市,C,N,4,330000
330901,市辖区,市辖区,D,N,5,330900
330902,定海,定海区,D,N,5,330900
330903,普陀,普陀区,D,N,5,330900
330921,岱山,岱山县,D,N,5,330900
330922,嵊泗,嵊泗县,D,N,5,330900
331000,台州,台州市,C,N,4,330000
331001,市辖区,市辖区,D,N,5,331000
331002,椒江,椒江区,D,N,5,331000
331003,黄岩,黄岩区,D,N,5,331000
331004,路桥,路桥区,D,N,5,331000
331021,玉环,玉环县,D,N,5,331000
331022,三门,三门县,D,N,5,331000
331023,天台,天台县,D,N,5,331000
331024,仙居,仙居县,D,N,5,331000
331081,温岭,温岭市,D,N,5,331000
331082,临海,临海市,D,N,5,331000
331100,丽水,丽水市,C,N,4,330000
331101,市辖区,市辖区,D,N,5,331100
331102,莲都,莲都区,D,N,5,331100
331121,青田,青田县,D,N,5,331100
331122,缙云,缙云县,D,N,5,331100
331123,遂昌,遂昌县,D,N,5,331100
331124,松阳,松阳县,D,N,5,331100
331125,云和,云和县,D,N,5,331100
331126,庆元,庆元县,D,N,5,331100
331127,景宁,景宁畲族自治县,D,N,5,331100
331181,龙泉,龙泉市,D,N,5,331100
340000,安徽,安徽省,P,N,5,104
340100,合肥,合肥市,C,C,3,340000
340101,市辖区,市辖区,D,N,5,340100
340102,瑶海,瑶海区,D,N,5,340100
340103,庐阳,庐阳区,D,N,5,340100
340104,蜀山,蜀山区,D,N,5,340100
340111,包河,包河区,D,N,5,340100
340121,长丰,长丰县,D,N,5,340100
340122,肥东,肥东县,D,N,5,340100
340123,肥西,肥西县,D,N,5,340100
340200,芜湖,芜湖市,C,N,4,340000
340201,市辖区,市辖区,D,N,5,340200
340202,镜湖,镜湖区,D,N,5,340200
340203,弋江,弋江区,D,N,5,340200
340207,鸠江,鸠江区,D,N,5,340200
340208,三山,三山区,D,N,5,340200
340221,芜湖,芜湖县,D,N,5,340200
340222,繁昌,繁昌县,D,N,5,340200
340223,南陵,南陵县,D,N,5,340200
340300,蚌埠,蚌埠市,C,N,4,340000
340301,市辖区,市辖区,D,N,5,340300
340302,龙子湖,龙子湖区,D,N,5,340300
340303,蚌山,蚌山区,D,N,5,340300
340304,禹会,禹会区,D,N,5,340300
340311,淮上,淮上区,D,N,5,340300
340321,怀远,怀远县,D,N,5,340300
340322,五河,五河县,D,N,5,340300
340323,固镇,固镇县,D,N,5,340300
340400,淮南,淮南市,C,N,4,340000
340401,市辖区,市辖区,D,N,5,340400
340402,大通,大通区,D,N,5,340400
340403,田家庵,田家庵区,D,N,5,340400
340404,谢家集,谢家集区,D,N,5,340400
340405,八公山,八公山区,D,N,5,340400
340406,潘集,潘集区,D,N,5,340400
340421,凤台,凤台县,D,N,5,340400
340500,马鞍山,马鞍山市,C,N,4,340000
340501,市辖区,市辖区,D,N,5,340500
340502,金家庄,金家庄区,D,N,5,340500
340503,花山,花山区,D,N,5,340500
340504,雨山,雨山区,D,N,5,340500
340521,当涂,当涂县,D,N,5,340500
340600,淮北,淮北市,C,N,4,340000
340601,市辖区,市辖区,D,N,5,340600
340602,杜集,杜集区,D,N,5,340600
340603,相山,相山区,D,N,5,340600
340604,烈山,烈山区,D,N,5,340600
340621,濉溪,濉溪县,D,N,5,340600
340700,铜陵,铜陵市,C,N,4,340000
340701,市辖区,市辖区,D,N,5,340700
340702,铜官山,铜官山区,D,N,5,340700
340703,狮子山,狮子山区,D,N,5,340700
340711,郊区,郊区,D,N,5,340700
340721,铜陵,铜陵县,D,N,5,340700
340800,安庆,安庆市,C,N,4,340000
340801,市辖区,市辖区,D,N,5,340800
340802,迎江,迎江区,D,N,5,340800
340803,大观,大观区,D,N,5,340800
340811,宜秀,宜秀区,D,N,5,340800
340822,怀宁,怀宁县,D,N,5,340800
340823,枞阳,枞阳县,D,N,5,340800
340824,潜山,潜山县,D,N,5,340800
340825,太湖,太湖县,D,N,5,340800
340826,宿松,宿松县,D,N,5,340800
340827,望江,望江县,D,N,5,340800
340828,岳西,岳西县,D,N,5,340800
340881,桐城,桐城市,D,N,5,340800
341000,黄山,黄山市,C,N,4,340000
341001,市辖区,市辖区,D,N,5,341000
341002,屯溪,屯溪区,D,N,5,341000
341003,黄山,黄山区,D,N,5,341000
341004,徽州,徽州区,D,N,5,341000
341021,歙县,歙县,D,N,5,341000
341022,休宁,休宁县,D,N,5,341000
341023,黟县,黟县,D,N,5,341000
341024,祁门,祁门县,D,N,5,341000
341100,滁州,滁州市,C,N,4,340000
341101,市辖区,市辖区,D,N,5,341100
341102,琅琊,琅琊区,D,N,5,341100
341103,南谯,南谯区,D,N,5,341100
341122,来安,来安县,D,N,5,341100
341124,全椒,全椒县,D,N,5,341100
341125,定远,定远县,D,N,5,341100
341126,凤阳,凤阳县,D,N,5,341100
341181,天长,天长市,D,N,5,341100
341182,明光,明光市,D,N,5,341100
341200,阜阳,阜阳市,C,N,4,340000
341201,市辖区,市辖区,D,N,5,341200
341202,颍州,颍州区,D,N,5,341200
341203,颍东,颍东区,D,N,5,341200
341204,颍泉,颍泉区,D,N,5,341200
341221,临泉,临泉县,D,N,5,341200
341222,太和,太和县,D,N,5,341200
341225,阜南,阜南县,D,N,5,341200
341226,颍上,颍上县,D,N,5,341200
341282,界首,界首市,D,N,5,341200
341300,宿州,宿州市,C,N,4,340000
341301,市辖区,市辖区,D,N,5,341300
341302,埇桥,埇桥区,D,N,5,341300
341321,砀山,砀山县,D,N,5,341300
341322,萧县,萧县,D,N,5,341300
341323,灵璧,灵璧县,D,N,5,341300
341324,泗县,泗县,D,N,5,341300
341400,巢湖,巢湖市,C,N,4,340000
341401,市辖区,市辖区,D,N,5,341400
341402,居巢,居巢区,D,N,5,341400
341421,庐江,庐江县,D,N,5,341400
341422,无为,无为县,D,N,5,341400
341423,含山,含山县,D,N,5,341400
341424,和县,和县,D,N,5,341400
341500,六安,六安市,C,N,4,340000
341501,市辖区,市辖区,D,N,5,341500
341502,金安,金安区,D,N,5,341500
341503,裕安,裕安区,D,N,5,341500
341521,寿县,寿县,D,N,5,341500
341522,霍邱,霍邱县,D,N,5,341500
341523,舒城,舒城县,D,N,5,341500
341524,金寨,金寨县,D,N,5,341500
341525,霍山,霍山县,D,N,5,341500
341600,亳州,亳州市,C,N,4,340000
341601,市辖区,市辖区,D,N,5,341600
341602,谯城,谯城区,D,N,5,341600
341621,涡阳,涡阳县,D,N,5,341600
341622,蒙城,蒙城县,D,N,5,341600
341623,利辛,利辛县,D,N,5,341600
341700,池州,池州市,C,N,4,340000
341701,市辖区,市辖区,D,N,5,341700
341702,贵池,贵池区,D,N,5,341700
341721,东至,东至县,D,N,5,341700
341722,石台,石台县,D,N,5,341700
341723,青阳,青阳县,D,N,5,341700
341800,宣城,宣城市,C,N,4,340000
341801,市辖区,市辖区,D,N,5,341800
341802,宣州,宣州区,D,N,5,341800
341821,郎溪,郎溪县,D,N,5,341800
341822,广德,广德县,D,N,5,341800
341823,泾县,泾县,D,N,5,341800
341824,绩溪,绩溪县,D,N,5,341800
341825,旌德,旌德县,D,N,5,341800
341881,宁国,宁国市,D,N,5,341800
350000,福建,福建省,P,N,5,104
350100,福州,福州市,C,C,3,350000
350101,市辖区,市辖区,D,N,5,350100
350102,鼓楼,鼓楼区,D,N,5,350100
350103,台江,台江区,D,N,5,350100
350104,仓山,仓山区,D,N,5,350100
350105,马尾,马尾区,D,N,5,350100
350111,晋安,晋安区,D,N,5,350100
350121,闽侯,闽侯县,D,N,5,350100
350122,连江,连江县,D,N,5,350100
350123,罗源,罗源县,D,N,5,350100
350124,闽清,闽清县,D,N,5,350100
350125,永泰,永泰县,D,N,5,350100
350128,平潭,平潭县,D,N,5,350100
350181,福清,福清市,D,N,5,350100
350182,长乐,长乐市,D,N,5,350100
350200,厦门,厦门市,C,M,2,350000
350201,市辖区,市辖区,D,N,5,350200
350203,思明,思明区,D,N,5,350200
350205,海沧,海沧区,D,N,5,350200
350206,湖里,湖里区,D,N,5,350200
350211,集美,集美区,D,N,5,350200
350212,同安,同安区,D,N,5,350200
350213,翔安,翔安区,D,N,5,350200
350300,莆田,莆田市,C,N,4,350000
350301,市辖区,市辖区,D,N,5,350300
350302,城厢,城厢区,D,N,5,350300
350303,涵江,涵江区,D,N,5,350300
350304,荔城,荔城区,D,N,5,350300
350305,秀屿,秀屿区,D,N,5,350300
350322,仙游,仙游县,D,N,5,350300
350400,三明,三明市,C,N,4,350000
350401,市辖区,市辖区,D,N,5,350400
350402,梅列,梅列区,D,N,5,350400
350403,三元,三元区,D,N,5,350400
350421,明溪,明溪县,D,N,5,350400
350423,清流,清流县,D,N,5,350400
350424,宁化,宁化县,D,N,5,350400
350425,大田,大田县,D,N,5,350400
350426,尤溪,尤溪县,D,N,5,350400
350427,沙县,沙县,D,N,5,350400
350428,将乐,将乐县,D,N,5,350400
350429,泰宁,泰宁县,D,N,5,350400
350430,建宁,建宁县,D,N,5,350400
350481,永安,永安市,D,N,5,350400
350500,泉州,泉州市,C,N,4,350000
350501,市辖区,市辖区,D,N,5,350500
350502,鲤城,鲤城区,D,N,5,350500
350503,丰泽,丰泽区,D,N,5,350500
350504,洛江,洛江区,D,N,5,350500
350505,泉港,泉港区,D,N,5,350500
350521,惠安,惠安县,D,N,5,350500
350524,安溪,安溪县,D,N,5,350500
350525,永春,永春县,D,N,5,350500
350526,德化,德化县,D,N,5,350500
350527,金门,金门县,D,N,5,350500
350581,石狮,石狮市,D,N,5,350500
350582,晋江,晋江市,D,N,5,350500
350583,南安,南安市,D,N,5,350500
350600,漳州,漳州市,C,N,4,350000
350601,市辖区,市辖区,D,N,5,350600
350602,芗城,芗城区,D,N,5,350600
350603,龙文,龙文区,D,N,5,350600
350622,云霄,云霄县,D,N,5,350600
350623,漳浦,漳浦县,D,N,5,350600
350624,诏安,诏安县,D,N,5,350600
350625,长泰,长泰县,D,N,5,350600
350626,东山,东山县,D,N,5,350600
350627,南靖,南靖县,D,N,5,350600
350628,平和,平和县,D,N,5,350600
350629,华安,华安县,D,N,5,350600
350681,龙海,龙海市,D,N,5,350600
350700,南平,南平市,C,N,4,350000
350701,市辖区,市辖区,D,N,5,350700
350702,延平,延平区,D,N,5,350700
350721,顺昌,顺昌县,D,N,5,350700
350722,浦城,浦城县,D,N,5,350700
350723,光泽,光泽县,D,N,5,350700
350724,松溪,松溪县,D,N,5,350700
350725,政和,政和县,D,N,5,350700
350781,邵武,邵武市,D,N,5,350700
350782,武夷山,武夷山市,D,N,5,350700
350783,建瓯,建瓯市,D,N,5,350700
350784,建阳,建阳市,D,N,5,350700
350800,龙岩,龙岩市,C,N,4,350000
350801,市辖区,市辖区,D,N,5,350800
350802,新罗,新罗区,D,N,5,350800
350821,长汀,长汀县,D,N,5,350800
350822,永定,永定县,D,N,5,350800
350823,上杭,上杭县,D,N,5,350800
350824,武平,武平县,D,N,5,350800
350825,连城,连城县,D,N,5,350800
350881,漳平,漳平市,D,N,5,350800
350900,宁德,宁德市,C,N,4,350000
350901,市辖区,市辖区,D,N,5,350900
350902,蕉城,蕉城区,D,N,5,350900
350921,霞浦,霞浦县,D,N,5,350900
350922,古田,古田县,D,N,5,350900
350923,屏南,屏南县,D,N,5,350900
350924,寿宁,寿宁县,D,N,5,350900
350925,周宁,周宁县,D,N,5,350900
350926,柘荣,柘荣县,D,N,5,350900
350981,福安,福安市,D,N,5,350900
350982,福鼎,福鼎市,D,N,5,350900
360000,江西,江西省,P,N,5,104
360100,南昌,南昌市,C,C,3,360000
360101,市辖区,市辖区,D,N,5,360100
360102,东湖,东湖区,D,N,5,360100
360103,西湖,西湖区,D,N,5,360100
360104,青云谱,青云谱区,D,N,5,360100
360105,湾里,湾里区,D,N,5,360100
360111,青山湖,青山湖区,D,N,5,360100
360121,南昌,南昌县,D,N,5,360100
360122,新建,新建县,D,N,5,360100
360123,安义,安义县,D,N,5,360100
360124,进贤,进贤县,D,N,5,360100
360200,景德镇,景德镇市,C,N,4,360000
360201,市辖区,市辖区,D,N,5,360200
360202,昌江,昌江区,D,N,5,360200
360203,珠山,珠山区,D,N,5,360200
360222,浮梁,浮梁县,D,N,5,360200
360281,乐平,乐平市,D,N,5,360200
360300,萍乡,萍乡市,C,N,4,360000
360301,市辖区,市辖区,D,N,5,360300
360302,安源,安源区,D,N,5,360300
360313,湘东,湘东区,D,N,5,360300
360321,莲花,莲花县,D,N,5,360300
360322,上栗,上栗县,D,N,5,360300
360323,芦溪,芦溪县,D,N,5,360300
360400,九江,九江市,C,M,4,360000
360401,市辖区,市辖区,D,N,5,360400
360402,庐山,庐山区,D,N,5,360400
360403,浔阳,浔阳区,D,N,5,360400
360423,武宁,武宁县,D,N,5,360400
360424,修水,修水县,D,N,5,360400
360425,永修,永修县,D,N,5,360400
360426,德安,德安县,D,N,5,360400
360427,星子,星子县,D,N,5,360400
360428,都昌,都昌县,D,N,5,360400
360429,湖口,湖口县,D,N,5,360400
360430,彭泽,彭泽县,D,N,5,360400
360481,瑞昌,瑞昌市,D,N,5,360400
360500,新余,新余市,C,N,4,360000
360501,市辖区,市辖区,D,N,5,360500
360502,渝水,渝水区,D,N,5,360500
360521,分宜,分宜县,D,N,5,360500
360600,鹰潭,鹰潭市,C,N,4,360000
360601,市辖区,市辖区,D,N,5,360600
360602,月湖,月湖区,D,N,5,360600
360622,余江,余江县,D,N,5,360600
360681,贵溪,贵溪市,D,N,5,360600
360700,赣州,赣州市,C,N,4,360000
360701,市辖区,市辖区,D,N,5,360700
360702,章贡,章贡区,D,N,5,360700
360721,赣县,赣县,D,N,5,360700
360722,信丰,信丰县,D,N,5,360700
360723,大余,大余县,D,N,5,360700
360724,上犹,上犹县,D,N,5,360700
360725,崇义,崇义县,D,N,5,360700
360726,安远,安远县,D,N,5,360700
360727,龙南,龙南县,D,N,5,360700
360728,定南,定南县,D,N,5,360700
360729,全南,全南县,D,N,5,360700
360730,宁都,宁都县,D,N,5,360700
360731,于都,于都县,D,N,5,360700
360732,兴国,兴国县,D,N,5,360700
360733,会昌,会昌县,D,N,5,360700
360734,寻乌,寻乌县,D,N,5,360700
360735,石城,石城县,D,N,5,360700
360781,瑞金,瑞金市,D,N,5,360700
360782,南康,南康市,D,N,5,360700
360800,吉安,吉安市,C,N,4,360000
360801,市辖区,市辖区,D,N,5,360800
360802,吉州,吉州区,D,N,5,360800
360803,青原,青原区,D,N,5,360800
360821,吉安,吉安县,D,N,5,360800
360822,吉水,吉水县,D,N,5,360800
360823,峡江,峡江县,D,N,5,360800
360824,新干,新干县,D,N,5,360800
360825,永丰,永丰县,D,N,5,360800
360826,泰和,泰和县,D,N,5,360800
360827,遂川,遂川县,D,N,5,360800
360828,万安,万安县,D,N,5,360800
360829,安福,安福县,D,N,5,360800
360830,永新,永新县,D,N,5,360800
360881,井冈山,井冈山市,D,N,5,360800
360900,宜春,宜春市,C,N,4,360000
360901,市辖区,市辖区,D,N,5,360900
360902,袁州,袁州区,D,N,5,360900
360921,奉新,奉新县,D,N,5,360900
360922,万载,万载县,D,N,5,360900
360923,上高,上高县,D,N,5,360900
360924,宜丰,宜丰县,D,N,5,360900
360925,靖安,靖安县,D,N,5,360900
360926,铜鼓,铜鼓县,D,N,5,360900
360981,丰城,丰城市,D,N,5,360900
360982,樟树,樟树市,D,N,5,360900
360983,高安,高安市,D,N,5,360900
361000,抚州,抚州市,C,N,4,360000
361001,市辖区,市辖区,D,N,5,361000
361002,临川,临川区,D,N,5,361000
361021,南城,南城县,D,N,5,361000
361022,黎川,黎川县,D,N,5,361000
361023,南丰,南丰县,D,N,5,361000
361024,崇仁,崇仁县,D,N,5,361000
361025,乐安,乐安县,D,N,5,361000
361026,宜黄,宜黄县,D,N,5,361000
361027,金溪,金溪县,D,N,5,361000
361028,资溪,资溪县,D,N,5,361000
361029,东乡,东乡县,D,N,5,361000
361030,广昌,广昌县,D,N,5,361000
361100,上饶,上饶市,C,N,4,360000
361101,市辖区,市辖区,D,N,5,361100
361102,信州,信州区,D,N,5,361100
361121,上饶,上饶县,D,N,5,361100
361122,广丰,广丰县,D,N,5,361100
361123,玉山,玉山县,D,N,5,361100
361124,铅山,铅山县,D,N,5,361100
361125,横峰,横峰县,D,N,5,361100
361126,弋阳,弋阳县,D,N,5,361100
361127,余干,余干县,D,N,5,361100
361128,鄱阳,鄱阳县,D,N,5,361100
361129,万年,万年县,D,N,5,361100
361130,婺源,婺源县,D,N,5,361100
361181,德兴,德兴市,D,N,5,361100
370000,山东,山东省,P,N,5,104
370100,济南,济南市,C,C,3,370000
370101,市辖区,市辖区,D,N,5,370100
370102,历下,历下区,D,N,5,370100
370103,市中,市中区,D,N,5,370100
370104,槐荫,槐荫区,D,N,5,370100
370105,天桥,天桥区,D,N,5,370100
370112,历城,历城区,D,N,5,370100
370113,长清,长清区,D,N,5,370100
370124,平阴,平阴县,D,N,5,370100
370125,济阳,济阳县,D,N,5,370100
370126,商河,商河县,D,N,5,370100
370181,章丘,章丘市,D,N,5,370100
370200,青岛,青岛市,C,M,3,370000
370201,市辖区,市辖区,D,N,5,370200
370202,市南,市南区,D,N,5,370200
370203,市北,市北区,D,N,5,370200
370205,四方,四方区,D,N,5,370200
370211,黄岛,黄岛区,D,N,5,370200
370212,崂山,崂山区,D,N,5,370200
370213,李沧,李沧区,D,N,5,370200
370214,城阳,城阳区,D,N,5,370200
370281,胶州,胶州市,D,N,5,370200
370282,即墨,即墨市,D,N,5,370200
370283,平度,平度市,D,N,5,370200
370284,胶南,胶南市,D,N,5,370200
370285,莱西,莱西市,D,N,5,370200
370300,淄博,淄博市,C,N,4,370000
370301,市辖区,市辖区,D,N,5,370300
370302,淄川,淄川区,D,N,5,370300
370303,张店,张店区,D,N,5,370300
370304,博山,博山区,D,N,5,370300
370305,临淄,临淄区,D,N,5,370300
370306,周村,周村区,D,N,5,370300
370321,桓台,桓台县,D,N,5,370300
370322,高青,高青县,D,N,5,370300
370323,沂源,沂源县,D,N,5,370300
370400,枣庄,枣庄市,C,N,4,370000
370401,市辖区,市辖区,D,N,5,370400
370402,市中,市中区,D,N,5,370400
370403,薛城,薛城区,D,N,5,370400
370404,峄城,峄城区,D,N,5,370400
370405,台儿庄,台儿庄区,D,N,5,370400
370406,山亭,山亭区,D,N,5,370400
370481,滕州,滕州市,D,N,5,370400
370500,东营,东营市,C,N,4,370000
370501,市辖区,市辖区,D,N,5,370500
370502,东营,东营区,D,N,5,370500
370503,河口,河口区,D,N,5,370500
370521,垦利,垦利县,D,N,5,370500
370522,利津,利津县,D,N,5,370500
370523,广饶,广饶县,D,N,5,370500
370600,烟台,烟台市,C,N,4,370000
370601,市辖区,市辖区,D,N,5,370600
370602,芝罘,芝罘区,D,N,5,370600
370611,福山,福山区,D,N,5,370600
370612,牟平,牟平区,D,N,5,370600
370613,莱山,莱山区,D,N,5,370600
370634,长岛,长岛县,D,N,5,370600
370681,龙口,龙口市,D,N,5,370600
370682,莱阳,莱阳市,D,N,5,370600
370683,莱州,莱州市,D,N,5,370600
370684,蓬莱,蓬莱市,D,N,5,370600
370685,招远,招远市,D,N,5,370600
370686,栖霞,栖霞市,D,N,5,370600
370687,海阳,海阳市,D,N,5,370600
370700,潍坊,潍坊市,C,N,4,370000
370701,市辖区,市辖区,D,N,5,370700
370702,潍城,潍城区,D,N,5,370700
370703,寒亭,寒亭区,D,N,5,370700
370704,坊子,坊子区,D,N,5,370700
370705,奎文,奎文区,D,N,5,370700
370724,临朐,临朐县,D,N,5,370700
370725,昌乐,昌乐县,D,N,5,370700
370781,青州,青州市,D,N,5,370700
370782,诸城,诸城市,D,N,5,370700
370783,寿光,寿光市,D,N,5,370700
370784,安丘,安丘市,D,N,5,370700
370785,高密,高密市,D,N,5,370700
370786,昌邑,昌邑市,D,N,5,370700
370800,济宁,济宁市,C,N,4,370000
370801,市辖区,市辖区,D,N,5,370800
370802,市中,市中区,D,N,5,370800
370811,任城,任城区,D,N,5,370800
370826,微山,微山县,D,N,5,370800
370827,鱼台,鱼台县,D,N,5,370800
370828,金乡,金乡县,D,N,5,370800
370829,嘉祥,嘉祥县,D,N,5,370800
370830,汶上,汶上县,D,N,5,370800
370831,泗水,泗水县,D,N,5,370800
370832,梁山,梁山县,D,N,5,370800
370881,曲阜,曲阜市,D,N,5,370800
370882,兖州,兖州市,D,N,5,370800
370883,邹城,邹城市,D,N,5,370800
370900,泰安,泰安市,C,N,4,370000
370901,市辖区,市辖区,D,N,5,370900
370902,泰山,泰山区,D,N,5,370900
370903,岱岳,岱岳区,D,N,5,370900
370921,宁阳,宁阳县,D,N,5,370900
370923,东平,东平县,D,N,5,370900
370982,新泰,新泰市,D,N,5,370900
370983,肥城,肥城市,D,N,5,370900
371000,威海,威海市,C,M,4,370000
371001,市辖区,市辖区,D,N,5,371000
371002,环翠,环翠区,D,N,5,371000
371081,文登,文登市,D,N,5,371000
371082,荣成,荣成市,D,N,5,371000
371083,乳山,乳山市,D,N,5,371000
371100,日照,日照市,C,N,4,370000
371101,市辖区,市辖区,D,N,5,371100
371102,东港,东港区,D,N,5,371100
371103,岚山,岚山区,D,N,5,371100
371121,五莲,五莲县,D,N,5,371100
371122,莒县,莒县,D,N,5,371100
371200,莱芜,莱芜市,C,N,4,370000
371201,市辖区,市辖区,D,N,5,371200
371202,莱城,莱城区,D,N,5,371200
371203,钢城,钢城区,D,N,5,371200
371300,临沂,临沂市,C,N,4,370000
371301,市辖区,市辖区,D,N,5,371300
371302,兰山,兰山区,D,N,5,371300
371311,罗庄,罗庄区,D,N,5,371300
371312,河东,河东区,D,N,5,371300
371321,沂南,沂南县,D,N,5,371300
371322,郯城,郯城县,D,N,5,371300
371323,沂水,沂水县,D,N,5,371300
371324,苍山,苍山县,D,N,5,371300
371325,费县,费县,D,N,5,371300
371326,平邑,平邑县,D,N,5,371300
371327,莒南,莒南县,D,N,5,371300
371328,蒙阴,蒙阴县,D,N,5,371300
371329,临沭,临沭县,D,N,5,371300
371400,德州,德州市,C,N,4,370000
371401,市辖区,市辖区,D,N,5,371400
371402,德城,德城区,D,N,5,371400
371421,陵县,陵县,D,N,5,371400
371422,宁津,宁津县,D,N,5,371400
371423,庆云,庆云县,D,N,5,371400
371424,临邑,临邑县,D,N,5,371400
371425,齐河,齐河县,D,N,5,371400
371426,平原,平原县,D,N,5,371400
371427,夏津,夏津县,D,N,5,371400
371428,武城,武城县,D,N,5,371400
371481,乐陵,乐陵市,D,N,5,371400
371482,禹城,禹城市,D,N,5,371400
371500,聊城,聊城市,C,N,4,370000
371501,市辖区,市辖区,D,N,5,371500
371502,东昌府,东昌府区,D,N,5,371500
371521,阳谷,阳谷县,D,N,5,371500
371522,莘县,莘县,D,N,5,371500
371523,茌平,茌平县,D,N,5,371500
371524,东阿,东阿县,D,N,5,371500
371525,冠县,冠县,D,N,5,371500
371526,高唐,高唐县,D,N,5,371500
371581,临清,临清市,D,N,5,371500
371600,滨州,滨州市,C,N,4,370000
371601,市辖区,市辖区,D,N,5,371600
371602,滨城,滨城区,D,N,5,371600
371621,惠民,惠民县,D,N,5,371600
371622,阳信,阳信县,D,N,5,371600
371623,无棣,无棣县,D,N,5,371600
371624,沾化,沾化县,D,N,5,371600
371625,博兴,博兴县,D,N,5,371600
371626,邹平,邹平县,D,N,5,371600
371700,菏泽,菏泽市,C,N,4,370000
371701,市辖区,市辖区,D,N,5,371700
371702,牡丹,牡丹区,D,N,5,371700
371721,曹县,曹县,D,N,5,371700
371722,单县,单县,D,N,5,371700
371723,成武,成武县,D,N,5,371700
371724,巨野,巨野县,D,N,5,371700
371725,郓城,郓城县,D,N,5,371700
371726,鄄城,鄄城县,D,N,5,371700
371727,定陶,定陶县,D,N,5,371700
371728,东明,东明县,D,N,5,371700
410000,河南,河南省,P,N,5,103
410100,郑州,郑州市,C,C,3,410000
410101,市辖区,市辖区,D,N,5,410100
410102,中原,中原区,D,N,5,410100
410103,二七,二七区,D,N,5,410100
410104,管城回族,管城回族区,D,N,5,410100
410105,金水,金水区,D,N,5,410100
410106,上街,上街区,D,N,5,410100
410108,惠济,惠济区,D,N,5,410100
410122,中牟,中牟县,D,N,5,410100
410181,巩义,巩义市,D,N,5,410100
410182,荥阳,荥阳市,D,N,5,410100
410183,新密,新密市,D,N,5,410100
410184,新郑,新郑市,D,N,5,410100
410185,登封,登封市,D,N,5,410100
410200,开封,开封市,C,N,4,410000
410201,市辖区,市辖区,D,N,5,410200
410202,龙亭,龙亭区,D,N,5,410200
410203,顺河回族,顺河回族区,D,N,5,410200
410204,鼓楼,鼓楼区,D,N,5,410200
410205,禹王台,禹王台区,D,N,5,410200
410211,金明,金明区,D,N,5,410200
410221,杞县,杞县,D,N,5,410200
410222,通许,通许县,D,N,5,410200
410223,尉氏,尉氏县,D,N,5,410200
410224,开封,开封县,D,N,5,410200
410225,兰考,兰考县,D,N,5,410200
410300,洛阳,洛阳市,C,N,4,410000
410301,市辖区,市辖区,D,N,5,410300
410302,老城,老城区,D,N,5,410300
410303,西工,西工区,D,N,5,410300
410304,廛河回族,廛河回族区,D,N,5,410300
410305,涧西,涧西区,D,N,5,410300
410306,吉利,吉利区,D,N,5,410300
410307,洛龙,洛龙区,D,N,5,410300
410322,孟津,孟津县,D,N,5,410300
410323,新安,新安县,D,N,5,410300
410324,栾川,栾川县,D,N,5,410300
410325,嵩县,嵩县,D,N,5,410300
410326,汝阳,汝阳县,D,N,5,410300
410327,宜阳,宜阳县,D,N,5,410300
410328,洛宁,洛宁县,D,N,5,410300
410329,伊川,伊川县,D,N,5,410300
410381,偃师,偃师市,D,N,5,410300
410400,平顶山,平顶山市,C,N,4,410000
410401,市辖区,市辖区,D,N,5,410400
410402,新华,新华区,D,N,5,410400
410403,卫东,卫东区,D,N,5,410400
410404,石龙,石龙区,D,N,5,410400
410411,湛河,湛河区,D,N,5,410400
410421,宝丰,宝丰县,D,N,5,410400
410422,叶县,叶县,D,N,5,410400
410423,鲁山,鲁山县,D,N,5,410400
410425,郏县,郏县,D,N,5,410400
410481,舞钢,舞钢市,D,N,5,410400
410482,汝州,汝州市,D,N,5,410400
410500,安阳,安阳市,C,N,4,410000
410501,市辖区,市辖区,D,N,5,410500
410502,文峰,文峰区,D,N,5,410500
410503,北关,北关区,D,N,5,410500
410505,殷都,殷都区,D,N,5,410500
410506,龙安,龙安区,D,N,5,410500
410522,安阳,安阳县,D,N,5,410500
410523,汤阴,汤阴县,D,N,5,410500
410526,滑县,滑县,D,N,5,410500
410527,内黄,内黄县,D,N,5,410500
410581,林州,林州市,D,N,5,410500
410600,鹤壁,鹤壁市,C,N,4,410000
410601,市辖区,市辖区,D,N,5,410600
410602,鹤山,鹤山区,D,N,5,410600
410603,山城,山城区,D,N,5,410600
410611,淇滨,淇滨区,D,N,5,410600
410621,浚县,浚县,D,N,5,410600
410622,淇县,淇县,D,N,5,410600
410700,新乡,新乡市,C,N,4,410000
410701,市辖区,市辖区,D,N,5,410700
410702,红旗,红旗区,D,N,5,410700
410703,卫滨,卫滨区,D,N,5,410700
410704,凤泉,凤泉区,D,N,5,410700
410711,牧野,牧野区,D,N,5,410700
410721,新乡,新乡县,D,N,5,410700
410724,获嘉,获嘉县,D,N,5,410700
410725,原阳,原阳县,D,N,5,410700
410726,延津,延津县,D,N,5,410700
410727,封丘,封丘县,D,N,5,410700
410728,长垣,长垣县,D,N,5,410700
410781,卫辉,卫辉市,D,N,5,410700
410782,辉县,辉县市,D,N,5,410700
410800,焦作,焦作市,C,N,4,410000
410801,市辖区,市辖区,D,N,5,410800
410802,解放,解放区,D,N,5,410800
410803,中站,中站区,D,N,5,410800
410804,马村,马村区,D,N,5,410800
410811,山阳,山阳区,D,N,5,410800
410821,修武,修武县,D,N,5,410800
410822,博爱,博爱县,D,N,5,410800
410823,武陟,武陟县,D,N,5,410800
410825,温县,温县,D,N,5,410800
410881,济源,济源市,D,N,5,410800
410882,沁阳,沁阳市,D,N,5,410800
410883,孟州,孟州市,D,N,5,410800
410900,濮阳,濮阳市,C,N,4,410000
410901,市辖区,市辖区,D,N,5,410900
410902,华龙,华龙区,D,N,5,410900
410922,清丰,清丰县,D,N,5,410900
410923,南乐,南乐县,D,N,5,410900
410926,范县,范县,D,N,5,410900
410927,台前,台前县,D,N,5,410900
410928,濮阳,濮阳县,D,N,5,410900
411000,许昌,许昌市,C,N,4,410000
411001,市辖区,市辖区,D,N,5,411000
411002,魏都,魏都区,D,N,5,411000
411023,许昌,许昌县,D,N,5,411000
411024,鄢陵,鄢陵县,D,N,5,411000
411025,襄城,襄城县,D,N,5,411000
411081,禹州,禹州市,D,N,5,411000
411082,长葛,长葛市,D,N,5,411000
411100,漯河,漯河市,C,N,4,410000
411101,市辖区,市辖区,D,N,5,411100
411102,源汇,源汇区,D,N,5,411100
411103,郾城,郾城区,D,N,5,411100
411104,召陵,召陵区,D,N,5,411100
411121,舞阳,舞阳县,D,N,5,411100
411122,临颍,临颍县,D,N,5,411100
411200,三门峡,三门峡市,C,N,4,410000
411201,市辖区,市辖区,D,N,5,411200
411202,湖滨,湖滨区,D,N,5,411200
411221,渑池,渑池县,D,N,5,411200
411222,陕县,陕县,D,N,5,411200
411224,卢氏,卢氏县,D,N,5,411200
411281,义马,义马市,D,N,5,411200
411282,灵宝,灵宝市,D,N,5,411200
411300,南阳,南阳市,C,N,4,410000
411301,市辖区,市辖区,D,N,5,411300
411302,宛城,宛城区,D,N,5,411300
411303,卧龙,卧龙区,D,N,5,411300
411321,南召,南召县,D,N,5,411300
411322,方城,方城县,D,N,5,411300
411323,西峡,西峡县,D,N,5,411300
411324,镇平,镇平县,D,N,5,411300
411325,内乡,内乡县,D,N,5,411300
411326,淅川,淅川县,D,N,5,411300
411327,社旗,社旗县,D,N,5,411300
411328,唐河,唐河县,D,N,5,411300
411329,新野,新野县,D,N,5,411300
411330,桐柏,桐柏县,D,N,5,411300
411381,邓州,邓州市,D,N,5,411300
411400,商丘,商丘市,C,N,4,410000
411401,市辖区,市辖区,D,N,5,411400
411402,梁园,梁园区,D,N,5,411400
411403,睢阳,睢阳区,D,N,5,411400
411421,民权,民权县,D,N,5,411400
411422,睢县,睢县,D,N,5,411400
411423,宁陵,宁陵县,D,N,5,411400
411424,柘城,柘城县,D,N,5,411400
411425,虞城,虞城县,D,N,5,411400
411426,夏邑,夏邑县,D,N,5,411400
411481,永城,永城市,D,N,5,411400
411500,信阳,信阳市,C,N,4,410000
411501,市辖区,市辖区,D,N,5,411500
411502,浉河,浉河区,D,N,5,411500
411503,平桥,平桥区,D,N,5,411500
411521,罗山,罗山县,D,N,5,411500
411522,光山,光山县,D,N,5,411500
411523,新县,新县,D,N,5,411500
411524,商城,商城县,D,N,5,411500
411525,固始,固始县,D,N,5,411500
411526,潢川,潢川县,D,N,5,411500
411527,淮滨,淮滨县,D,N,5,411500
411528,息县,息县,D,N,5,411500
411600,周口,周口市,C,N,4,410000
411601,市辖区,市辖区,D,N,5,411600
411602,川汇,川汇区,D,N,5,411600
411621,扶沟,扶沟县,D,N,5,411600
411622,西华,西华县,D,N,5,411600
411623,商水,商水县,D,N,5,411600
411624,沈丘,沈丘县,D,N,5,411600
411625,郸城,郸城县,D,N,5,411600
411626,淮阳,淮阳县,D,N,5,411600
411627,太康,太康县,D,N,5,411600
411628,鹿邑,鹿邑县,D,N,5,411600
411681,项城,项城市,D,N,5,411600
411700,驻马店,驻马店市,C,N,4,410000
411701,市辖区,市辖区,D,N,5,411700
411702,驿城,驿城区,D,N,5,411700
411721,西平,西平县,D,N,5,411700
411722,上蔡,上蔡县,D,N,5,411700
411723,平舆,平舆县,D,N,5,411700
411724,正阳,正阳县,D,N,5,411700
411725,确山,确山县,D,N,5,411700
411726,泌阳,泌阳县,D,N,5,411700
411727,汝南,汝南县,D,N,5,411700
411728,遂平,遂平县,D,N,5,411700
411729,新蔡,新蔡县,D,N,5,411700
420000,湖北,湖北省,P,N,5,103
420100,武汉,武汉市,C,C,2,420000
420101,市辖区,市辖区,D,N,5,420100
420102,江岸,江岸区,D,N,5,420100
420103,江汉,江汉区,D,N,5,420100
420104,硚口,硚口区,D,N,5,420100
420105,汉阳,汉阳区,D,N,5,420100
420106,武昌,武昌区,D,N,5,420100
420107,青山,青山区,D,N,5,420100
420111,洪山,洪山区,D,N,5,420100
420112,东西湖,东西湖区,D,N,5,420100
420113,汉南,汉南区,D,N,5,420100
420114,蔡甸,蔡甸区,D,N,5,420100
420115,江夏,江夏区,D,N,5,420100
420116,黄陂,黄陂区,D,N,5,420100
420117,新洲,新洲区,D,N,5,420100
420200,黄石,黄石市,C,N,4,420000
420201,市辖区,市辖区,D,N,5,420200
420202,黄石港,黄石港区,D,N,5,420200
420203,西塞山,西塞山区,D,N,5,420200
420204,下陆,下陆区,D,N,5,420200
420205,铁山,铁山区,D,N,5,420200
420222,阳新,阳新县,D,N,5,420200
420281,大冶,大冶市,D,N,5,420200
420300,十堰,十堰市,C,N,4,420000
420301,市辖区,市辖区,D,N,5,420300
420302,茅箭,茅箭区,D,N,5,420300
420303,张湾,张湾区,D,N,5,420300
420321,郧县,郧县,D,N,5,420300
420322,郧西,郧西县,D,N,5,420300
420323,竹山,竹山县,D,N,5,420300
420324,竹溪,竹溪县,D,N,5,420300
420325,房县,房县,D,N,5,420300
420381,丹江口,丹江口市,D,N,5,420300
420500,宜昌,宜昌市,C,M,4,420000
420501,市辖区,市辖区,D,N,5,420500
420502,西陵,西陵区,D,N,5,420500
420503,伍家岗,伍家岗区,D,N,5,420500
420504,点军,点军区,D,N,5,420500
420505,猇亭,猇亭区,D,N,5,420500
420506,夷陵,夷陵区,D,N,5,420500
420525,远安,远安县,D,N,5,420500
420526,兴山,兴山县,D,N,5,420500
420527,秭归,秭归县,D,N,5,420500
420528,长阳,长阳土家族自治县,D,N,5,420500
420529,五峰,五峰土家族自治县,D,N,5,420500
420581,宜都,宜都市,D,N,5,420500
420582,当阳,当阳市,D,N,5,420500
420583,枝江,枝江市,D,N,5,420500
420600,襄樊,襄樊市,C,N,4,420000
420601,市辖区,市辖区,D,N,5,420600
420602,襄城,襄城区,D,N,5,420600
420606,樊城,樊城区,D,N,5,420600
420607,襄阳,襄阳区,D,N,5,420600
420624,南漳,南漳县,D,N,5,420600
420625,谷城,谷城县,D,N,5,420600
420626,保康,保康县,D,N,5,420600
420682,老河口,老河口市,D,N,5,420600
420683,枣阳,枣阳市,D,N,5,420600
420684,宜城,宜城市,D,N,5,420600
420700,鄂州,鄂州市,C,N,4,420000
420701,市辖区,市辖区,D,N,5,420700
420702,梁子湖,梁子湖区,D,N,5,420700
420703,华容,华容区,D,N,5,420700
420704,鄂城,鄂城区,D,N,5,420700
420800,荆门,荆门市,C,N,4,420000
420801,市辖区,市辖区,D,N,5,420800
420802,东宝,东宝区,D,N,5,420800
420804,掇刀,掇刀区,D,N,5,420800
420821,京山,京山县,D,N,5,420800
420822,沙洋,沙洋县,D,N,5,420800
420881,钟祥,钟祥市,D,N,5,420800
420900,孝感,孝感市,C,N,4,420000
420901,市辖区,市辖区,D,N,5,420900
420902,孝南,孝南区,D,N,5,420900
420921,孝昌,孝昌县,D,N,5,420900
420922,大悟,大悟县,D,N,5,420900
420923,云梦,云梦县,D,N,5,420900
420981,应城,应城市,D,N,5,420900
420982,安陆,安陆市,D,N,5,420900
420984,汉川,汉川市,D,N,5,420900
421000,荆州,荆州市,C,N,4,420000
421001,市辖区,市辖区,D,N,5,421000
421002,沙市,沙市区,D,N,5,421000
421003,荆州,荆州区,D,N,5,421000
421022,公安,公安县,D,N,5,421000
421023,监利,监利县,D,N,5,421000
421024,江陵,江陵县,D,N,5,421000
421081,石首,石首市,D,N,5,421000
421083,洪湖,洪湖市,D,N,5,421000
421087,松滋,松滋市,D,N,5,421000
421100,黄冈,黄冈市,C,N,4,420000
421101,市辖区,市辖区,D,N,5,421100
421102,黄州,黄州区,D,N,5,421100
421121,团风,团风县,D,N,5,421100
421122,红安,红安县,D,N,5,421100
421123,罗田,罗田县,D,N,5,421100
421124,英山,英山县,D,N,5,421100
421125,浠水,浠水县,D,N,5,421100
421126,蕲春,蕲春县,D,N,5,421100
421127,黄梅,黄梅县,D,N,5,421100
421181,麻城,麻城市,D,N,5,421100
421182,武穴,武穴市,D,N,5,421100
421200,咸宁,咸宁市,C,N,4,420000
421201,市辖区,市辖区,D,N,5,421200
421202,咸安,咸安区,D,N,5,421200
421221,嘉鱼,嘉鱼县,D,N,5,421200
421222,通城,通城县,D,N,5,421200
421223,崇阳,崇阳县,D,N,5,421200
421224,通山,通山县,D,N,5,421200
421281,赤壁,赤壁市,D,N,5,421200
421300,随州,随州市,C,N,4,420000
421301,市辖区,市辖区,D,N,5,421300
421302,曾都,曾都区,D,N,5,421300
421381,广水,广水市,D,N,5,421300
422800,恩施,恩施土家族苗族自治州,C,N,4,420000
422801,恩施,恩施市,D,N,5,422800
422802,利川,利川市,D,N,5,422800
422822,建始,建始县,D,N,5,422800
422823,巴东,巴东县,D,N,5,422800
422825,宣恩,宣恩县,D,N,5,422800
422826,咸丰,咸丰县,D,N,5,422800
422827,来凤,来凤县,D,N,5,422800
422828,鹤峰,鹤峰县,D,N,5,422800
429000,省直辖行政单位,省直辖行政单位,C,N,4,420000
429004,仙桃,仙桃市,D,N,5,429000
429005,潜江,潜江市,D,N,5,429000
429006,天门,天门市,D,N,5,429000
429021,神农架林,神农架林区,D,N,5,429000
430000,湖南,湖南省,P,N,5,103
430100,长沙,长沙市,C,C,3,430000
430101,市辖区,市辖区,D,N,5,430100
430102,芙蓉,芙蓉区,D,N,5,430100
430103,天心,天心区,D,N,5,430100
430104,岳麓,岳麓区,D,N,5,430100
430105,开福,开福区,D,N,5,430100
430111,雨花,雨花区,D,N,5,430100
430121,长沙,长沙县,D,N,5,430100
430122,望城,望城县,D,N,5,430100
430124,宁乡,宁乡县,D,N,5,430100
430181,浏阳,浏阳市,D,N,5,430100
430200,株洲,株洲市,C,M,4,430000
430201,市辖区,市辖区,D,N,5,430200
430202,荷塘,荷塘区,D,N,5,430200
430203,芦淞,芦淞区,D,N,5,430200
430204,石峰,石峰区,D,N,5,430200
430211,天元,天元区,D,N,5,430200
430221,株洲,株洲县,D,N,5,430200
430223,攸县,攸县,D,N,5,430200
430224,茶陵,茶陵县,D,N,5,430200
430225,炎陵,炎陵县,D,N,5,430200
430281,醴陵,醴陵市,D,N,5,430200
430300,湘潭,湘潭市,C,N,4,430000
430301,市辖区,市辖区,D,N,5,430300
430302,雨湖,雨湖区,D,N,5,430300
430304,岳塘,岳塘区,D,N,5,430300
430321,湘潭,湘潭县,D,N,5,430300
430381,湘乡,湘乡市,D,N,5,430300
430382,韶山,韶山市,D,N,5,430300
430400,衡阳,衡阳市,C,N,4,430000
430401,市辖区,市辖区,D,N,5,430400
430405,珠晖,珠晖区,D,N,5,430400
430406,雁峰,雁峰区,D,N,5,430400
430407,石鼓,石鼓区,D,N,5,430400
430408,蒸湘,蒸湘区,D,N,5,430400
430412,南岳,南岳区,D,N,5,430400
430421,衡阳,衡阳县,D,N,5,430400
430422,衡南,衡南县,D,N,5,430400
430423,衡山,衡山县,D,N,5,430400
430424,衡东,衡东县,D,N,5,430400
430426,祁东,祁东县,D,N,5,430400
430481,耒阳,耒阳市,D,N,5,430400
430482,常宁,常宁市,D,N,5,430400
430500,邵阳,邵阳市,C,N,4,430000
430501,市辖区,市辖区,D,N,5,430500
430502,双清,双清区,D,N,5,430500
430503,大祥,大祥区,D,N,5,430500
430511,北塔,北塔区,D,N,5,430500
430521,邵东,邵东县,D,N,5,430500
430522,新邵,新邵县,D,N,5,430500
430523,邵阳,邵阳县,D,N,5,430500
430524,隆回,隆回县,D,N,5,430500
430525,洞口,洞口县,D,N,5,430500
430527,绥宁,绥宁县,D,N,5,430500
430528,新宁,新宁县,D,N,5,430500
430529,城步,城步苗族自治县,D,N,5,430500
430581,武冈,武冈市,D,N,5,430500
430600,岳阳,岳阳市,C,N,4,430000
430601,市辖区,市辖区,D,N,5,430600
430602,岳阳楼,岳阳楼区,D,N,5,430600
430603,云溪,云溪区,D,N,5,430600
430611,君山,君山区,D,N,5,430600
430621,岳阳,岳阳县,D,N,5,430600
430623,华容,华容县,D,N,5,430600
430624,湘阴,湘阴县,D,N,5,430600
430626,平江,平江县,D,N,5,430600
430681,汨罗,汨罗市,D,N,5,430600
430682,临湘,临湘市,D,N,5,430600
430700,常德,常德市,C,N,4,430000
430701,市辖区,市辖区,D,N,5,430700
430702,武陵,武陵区,D,N,5,430700
430703,鼎城,鼎城区,D,N,5,430700
430721,安乡,安乡县,D,N,5,430700
430722,汉寿,汉寿县,D,N,5,430700
430723,澧县,澧县,D,N,5,430700
430724,临澧,临澧县,D,N,5,430700
430725,桃源,桃源县,D,N,5,430700
430726,石门,石门县,D,N,5,430700
430781,津市,津市市,D,N,5,430700
430800,张家界,张家界市,C,N,4,430000
430801,市辖区,市辖区,D,N,5,430800
430802,永定,永定区,D,N,5,430800
430811,武陵源,武陵源区,D,N,5,430800
430821,慈利,慈利县,D,N,5,430800
430822,桑植,桑植县,D,N,5,430800
430900,益阳,益阳市,C,N,4,430000
430901,市辖区,市辖区,D,N,5,430900
430902,资阳,资阳区,D,N,5,430900
430903,赫山,赫山区,D,N,5,430900
430921,南县,南县,D,N,5,430900
430922,桃江,桃江县,D,N,5,430900
430923,安化,安化县,D,N,5,430900
430981,沅江,沅江市,D,N,5,430900
431000,郴州,郴州市,C,N,4,430000
431001,市辖区,市辖区,D,N,5,431000
431002,北湖,北湖区,D,N,5,431000
431003,苏仙,苏仙区,D,N,5,431000
431021,桂阳,桂阳县,D,N,5,431000
431022,宜章,宜章县,D,N,5,431000
431023,永兴,永兴县,D,N,5,431000
431024,嘉禾,嘉禾县,D,N,5,431000
431025,临武,临武县,D,N,5,431000
431026,汝城,汝城县,D,N,5,431000
431027,桂东,桂东县,D,N,5,431000
431028,安仁,安仁县,D,N,5,431000
431081,资兴,资兴市,D,N,5,431000
431100,永州,永州市,C,N,4,430000
431101,市辖区,市辖区,D,N,5,431100
431102,零陵,零陵区,D,N,5,431100
431103,冷水滩,冷水滩区,D,N,5,431100
431121,祁阳,祁阳县,D,N,5,431100
431122,东安,东安县,D,N,5,431100
431123,双牌,双牌县,D,N,5,431100
431124,道县,道县,D,N,5,431100
431125,江永,江永县,D,N,5,431100
431126,宁远,宁远县,D,N,5,431100
431127,蓝山,蓝山县,D,N,5,431100
431128,新田,新田县,D,N,5,431100
431129,江华,江华瑶族自治县,D,N,5,431100
431200,怀化,怀化市,C,N,4,430000
431201,市辖区,市辖区,D,N,5,431200
431202,鹤城,鹤城区,D,N,5,431200
431221,中方,中方县,D,N,5,431200
431222,沅陵,沅陵县,D,N,5,431200
431223,辰溪,辰溪县,D,N,5,431200
431224,溆浦,溆浦县,D,N,5,431200
431225,会同,会同县,D,N,5,431200
431226,麻阳,麻阳苗族自治县,D,N,5,431200
431227,新晃,新晃侗族自治县,D,N,5,431200
431228,芷江,芷江侗族自治县,D,N,5,431200
431229,靖州,靖州苗族侗族自治县,D,N,5,431200
431230,通道,通道侗族自治县,D,N,5,431200
431281,洪江,洪江市,D,N,5,431200
431300,娄底,娄底市,C,N,4,430000
431301,市辖区,市辖区,D,N,5,431300
431302,娄星,娄星区,D,N,5,431300
431321,双峰,双峰县,D,N,5,431300
431322,新化,新化县,D,N,5,431300
431381,冷水江,冷水江市,D,N,5,431300
431382,涟源,涟源市,D,N,5,431300
433100,湘西,湘西土家族苗族自治州,C,N,4,430000
433101,吉首,吉首市,D,N,5,433100
433122,泸溪,泸溪县,D,N,5,433100
433123,凤凰,凤凰县,D,N,5,433100
433124,花垣,花垣县,D,N,5,433100
433125,保靖,保靖县,D,N,5,433100
433126,古丈,古丈县,D,N,5,433100
433127,永顺,永顺县,D,N,5,433100
433130,龙山,龙山县,D,N,5,433100
440000,广东,广东省,P,N,5,105
440100,广州,广州市,C,N,1,440000
440101,市辖区,市辖区,D,N,5,440100
440103,荔湾,荔湾区,D,N,5,440100
440104,越秀,越秀区,D,N,5,440100
440105,海珠,海珠区,D,N,5,440100
440106,天河,天河区,D,N,5,440100
440111,白云,白云区,D,N,5,440100
440112,黄埔,黄埔区,D,N,5,440100
440113,番禺,番禺区,D,N,5,440100
440114,花都,花都区,D,N,5,440100
440115,南沙,南沙区,D,N,5,440100
440116,萝岗,萝岗区,D,N,5,440100
440183,增城,增城市,D,N,5,440100
440184,从化,从化市,D,N,5,440100
440200,韶关,韶关市,C,N,4,440000
440201,市辖区,市辖区,D,N,5,440200
440203,武江,武江区,D,N,5,440200
440204,浈江,浈江区,D,N,5,440200
440205,曲江,曲江区,D,N,5,440200
440222,始兴,始兴县,D,N,5,440200
440224,仁化,仁化县,D,N,5,440200
440229,翁源,翁源县,D,N,5,440200
440232,乳源,乳源瑶族自治县,D,N,5,440200
440233,新丰,新丰县,D,N,5,440200
440281,乐昌,乐昌市,D,N,5,440200
440282,南雄,南雄市,D,N,5,440200
440300,深圳,深圳市,C,M,1,440000
440301,市辖区,市辖区,D,N,5,440300
440303,罗湖,罗湖区,D,N,5,440300
440304,福田,福田区,D,N,5,440300
440305,南山,南山区,D,N,5,440300
440306,宝安,宝安区,D,N,5,440300
440307,龙岗,龙岗区,D,N,5,440300
440308,盐田,盐田区,D,N,5,440300
440400,珠海,珠海市,C,M,3,440000
440401,市辖区,市辖区,D,N,5,440400
440402,香洲,香洲区,D,N,5,440400
440403,斗门,斗门区,D,N,5,440400
440404,金湾,金湾区,D,N,5,440400
440500,汕头,汕头市,C,M,4,440000
440501,市辖区,市辖区,D,N,5,440500
440507,龙湖,龙湖区,D,N,5,440500
440511,金平,金平区,D,N,5,440500
440512,濠江,濠江区,D,N,5,440500
440513,潮阳,潮阳区,D,N,5,440500
440514,潮南,潮南区,D,N,5,440500
440515,澄海,澄海区,D,N,5,440500
440523,南澳,南澳县,D,N,5,440500
440600,佛山,佛山市,C,N,4,440000
440601,市辖区,市辖区,D,N,5,440600
440604,禅城,禅城区,D,N,5,440600
440605,南海,南海区,D,N,5,440600
440606,顺德,顺德区,D,N,5,440600
440607,三水,三水区,D,N,5,440600
440608,高明,高明区,D,N,5,440600
440700,江门,江门市,C,N,4,440000
440701,市辖区,市辖区,D,N,5,440700
440703,蓬江,蓬江区,D,N,5,440700
440704,江海,江海区,D,N,5,440700
440705,新会,新会区,D,N,5,440700
440781,台山,台山市,D,N,5,440700
440783,开平,开平市,D,N,5,440700
440784,鹤山,鹤山市,D,N,5,440700
440785,恩平,恩平市,D,N,5,440700
440800,湛江,湛江市,C,N,4,440000
440801,市辖区,市辖区,D,N,5,440800
440802,赤坎,赤坎区,D,N,5,440800
440803,霞山,霞山区,D,N,5,440800
440804,坡头,坡头区,D,N,5,440800
440811,麻章,麻章区,D,N,5,440800
440823,遂溪,遂溪县,D,N,5,440800
440825,徐闻,徐闻县,D,N,5,440800
440881,廉江,廉江市,D,N,5,440800
440882,雷州,雷州市,D,N,5,440800
440883,吴川,吴川市,D,N,5,440800
440900,茂名,茂名市,C,N,4,440000
440901,市辖区,市辖区,D,N,5,440900
440902,茂南,茂南区,D,N,5,440900
440903,茂港,茂港区,D,N,5,440900
440923,电白,电白县,D,N,5,440900
440981,高州,高州市,D,N,5,440900
440982,化州,化州市,D,N,5,440900
440983,信宜,信宜市,D,N,5,440900
441200,肇庆,肇庆市,C,N,4,440000
441201,市辖区,市辖区,D,N,5,441200
441202,端州,端州区,D,N,5,441200
441203,鼎湖,鼎湖区,D,N,5,441200
441223,广宁,广宁县,D,N,5,441200
441224,怀集,怀集县,D,N,5,441200
441225,封开,封开县,D,N,5,441200
441226,德庆,德庆县,D,N,5,441200
441283,高要,高要市,D,N,5,441200
441284,四会,四会市,D,N,5,441200
441300,惠州,惠州市,C,N,4,440000
441301,市辖区,市辖区,D,N,5,441300
441302,惠城,惠城区,D,N,5,441300
441303,惠阳,惠阳区,D,N,5,441300
441322,博罗,博罗县,D,N,5,441300
441323,惠东,惠东县,D,N,5,441300
441324,龙门,龙门县,D,N,5,441300
441400,梅州,梅州市,C,N,4,440000
441401,市辖区,市辖区,D,N,5,441400
441402,梅江,梅江区,D,N,5,441400
441421,梅县,梅县,D,N,5,441400
441422,大埔,大埔县,D,N,5,441400
441423,丰顺,丰顺县,D,N,5,441400
441424,五华,五华县,D,N,5,441400
441426,平远,平远县,D,N,5,441400
441427,蕉岭,蕉岭县,D,N,5,441400
441481,兴宁,兴宁市,D,N,5,441400
441500,汕尾,汕尾市,C,N,4,440000
441501,市辖区,市辖区,D,N,5,441500
441502,城区,城区,D,N,5,441500
441521,海丰,海丰县,D,N,5,441500
441523,陆河,陆河县,D,N,5,441500
441581,陆丰,陆丰市,D,N,5,441500
441600,河源,河源市,C,N,4,440000
441601,市辖区,市辖区,D,N,5,441600
441602,源城,源城区,D,N,5,441600
441621,紫金,紫金县,D,N,5,441600
441622,龙川,龙川县,D,N,5,441600
441623,连平,连平县,D,N,5,441600
441624,和平,和平县,D,N,5,441600
441625,东源,东源县,D,N,5,441600
441700,阳江,阳江市,C,N,4,440000
441701,市辖区,市辖区,D,N,5,441700
441702,江城,江城区,D,N,5,441700
441721,阳西,阳西县,D,N,5,441700
441723,阳东,阳东县,D,N,5,441700
441781,阳春,阳春市,D,N,5,441700
441800,清远,清远市,C,N,4,440000
441801,市辖区,市辖区,D,N,5,441800
441802,清城,清城区,D,N,5,441800
441821,佛冈,佛冈县,D,N,5,441800
441823,阳山,阳山县,D,N,5,441800
441825,连山,连山壮族瑶族自治县,D,N,5,441800
441826,连南,连南瑶族自治县,D,N,5,441800
441827,清新,清新县,D,N,5,441800
441881,英德,英德市,D,N,5,441800
441882,连州,连州市,D,N,5,441800
441900,东莞,东莞市,C,N,4,440000
442000,中山,中山市,C,N,4,440000
445100,潮州,潮州市,C,M,4,440000
445101,市辖区,市辖区,D,N,5,445100
445102,湘桥,湘桥区,D,N,5,445100
445121,潮安,潮安县,D,N,5,445100
445122,饶平,饶平县,D,N,5,445100
445200,揭阳,揭阳市,C,N,4,440000
445201,市辖区,市辖区,D,N,5,445200
445202,榕城,榕城区,D,N,5,445200
445221,揭东,揭东县,D,N,5,445200
445222,揭西,揭西县,D,N,5,445200
445224,惠来,惠来县,D,N,5,445200
445281,普宁,普宁市,D,N,5,445200
445300,云浮,云浮市,C,N,4,440000
445301,市辖区,市辖区,D,N,5,445300
445302,云城,云城区,D,N,5,445300
445321,新兴,新兴县,D,N,5,445300
445322,郁南,郁南县,D,N,5,445300
445323,云安,云安县,D,N,5,445300
445381,罗定,罗定市,D,N,5,445300
450000,广西,广西壮族自治区,P,N,5,105
450100,南宁,南宁市,C,C,3,450000
450101,市辖区,市辖区,D,N,5,450100
450102,兴宁,兴宁区,D,N,5,450100
450103,青秀,青秀区,D,N,5,450100
450105,江南,江南区,D,N,5,450100
450107,西乡塘,西乡塘区,D,N,5,450100
450108,良庆,良庆区,D,N,5,450100
450109,邕宁,邕宁区,D,N,5,450100
450122,武鸣,武鸣县,D,N,5,450100
450123,隆安,隆安县,D,N,5,450100
450124,马山,马山县,D,N,5,450100
450125,上林,上林县,D,N,5,450100
450126,宾阳,宾阳县,D,N,5,450100
450127,横县,横县,D,N,5,450100
450200,柳州,柳州市,C,N,4,450000
450201,市辖区,市辖区,D,N,5,450200
450202,城中,城中区,D,N,5,450200
450203,鱼峰,鱼峰区,D,N,5,450200
450204,柳南,柳南区,D,N,5,450200
450205,柳北,柳北区,D,N,5,450200
450221,柳江,柳江县,D,N,5,450200
450222,柳城,柳城县,D,N,5,450200
450223,鹿寨,鹿寨县,D,N,5,450200
450224,融安,融安县,D,N,5,450200
450225,融水,融水苗族自治县,D,N,5,450200
450226,三江,三江侗族自治县,D,N,5,450200
450300,桂林,桂林市,C,M,4,450000
450301,市辖区,市辖区,D,N,5,450300
450302,秀峰,秀峰区,D,N,5,450300
450303,叠彩,叠彩区,D,N,5,450300
450304,象山,象山区,D,N,5,450300
450305,七星,七星区,D,N,5,450300
450311,雁山,雁山区,D,N,5,450300
450321,阳朔,阳朔县,D,N,5,450300
450322,临桂,临桂县,D,N,5,450300
450323,灵川,灵川县,D,N,5,450300
450324,全州,全州县,D,N,5,450300
450325,兴安,兴安县,D,N,5,450300
450326,永福,永福县,D,N,5,450300
450327,灌阳,灌阳县,D,N,5,450300
450328,龙胜各族,龙胜各族自治县,D,N,5,450300
450329,资源,资源县,D,N,5,450300
450330,平乐,平乐县,D,N,5,450300
450331,荔蒲,荔蒲县,D,N,5,450300
450332,恭城,恭城瑶族自治县,D,N,5,450300
450400,梧州,梧州市,C,N,4,450000
450401,市辖区,市辖区,D,N,5,450400
450403,万秀,万秀区,D,N,5,450400
450404,蝶山,蝶山区,D,N,5,450400
450405,长洲,长洲区,D,N,5,450400
450421,苍梧,苍梧县,D,N,5,450400
450422,藤县,藤县,D,N,5,450400
450423,蒙山,蒙山县,D,N,5,450400
450481,岑溪,岑溪市,D,N,5,450400
450500,北海,北海市,C,N,4,450000
450501,市辖区,市辖区,D,N,5,450500
450502,海城,海城区,D,N,5,450500
450503,银海,银海区,D,N,5,450500
450512,铁山港,铁山港区,D,N,5,450500
450521,合浦,合浦县,D,N,5,450500
450600,防城港,防城港市,C,N,4,450000
450601,市辖区,市辖区,D,N,5,450600
450602,港口,港口区,D,N,5,450600
450603,防城,防城区,D,N,5,450600
450621,上思,上思县,D,N,5,450600
450681,东兴,东兴市,D,N,5,450600
450700,钦州,钦州市,C,N,4,450000
450701,市辖区,市辖区,D,N,5,450700
450702,钦南,钦南区,D,N,5,450700
450703,钦北,钦北区,D,N,5,450700
450721,灵山,灵山县,D,N,5,450700
450722,浦北,浦北县,D,N,5,450700
450800,贵港,贵港市,C,N,4,450000
450801,市辖区,市辖区,D,N,5,450800
450802,港北,港北区,D,N,5,450800
450803,港南,港南区,D,N,5,450800
450804,覃塘,覃塘区,D,N,5,450800
450821,平南,平南县,D,N,5,450800
450881,桂平,桂平市,D,N,5,450800
450900,玉林,玉林市,C,N,4,450000
450901,市辖区,市辖区,D,N,5,450900
450902,玉州,玉州区,D,N,5,450900
450921,容县,容县,D,N,5,450900
450922,陆川,陆川县,D,N,5,450900
450923,博白,博白县,D,N,5,450900
450924,兴业,兴业县,D,N,5,450900
450981,北流,北流市,D,N,5,450900
451000,百色,百色市,C,N,4,450000
451001,市辖区,市辖区,D,N,5,451000
451002,右江,右江区,D,N,5,451000
451021,田阳,田阳县,D,N,5,451000
451022,田东,田东县,D,N,5,451000
451023,平果,平果县,D,N,5,451000
451024,德保,德保县,D,N,5,451000
451025,靖西,靖西县,D,N,5,451000
451026,那坡,那坡县,D,N,5,451000
451027,凌云,凌云县,D,N,5,451000
451028,乐业,乐业县,D,N,5,451000
451029,田林,田林县,D,N,5,451000
451030,西林,西林县,D,N,5,451000
451031,隆林各族,隆林各族自治县,D,N,5,451000
451100,贺州,贺州市,C,N,4,450000
451101,市辖区,市辖区,D,N,5,451100
451102,八步,八步区,D,N,5,451100
451121,昭平,昭平县,D,N,5,451100
451122,钟山,钟山县,D,N,5,451100
451123,富川,富川瑶族自治县,D,N,5,451100
451200,河池,河池市,C,N,4,450000
451201,市辖区,市辖区,D,N,5,451200
451202,金城江,金城江区,D,N,5,451200
451221,南丹,南丹县,D,N,5,451200
451222,天峨,天峨县,D,N,5,451200
451223,凤山,凤山县,D,N,5,451200
451224,东兰,东兰县,D,N,5,451200
451225,罗城,罗城仫佬族自治县,D,N,5,451200
451226,环江,环江毛南族自治县,D,N,5,451200
451227,巴马,巴马瑶族自治县,D,N,5,451200
451228,都安,都安瑶族自治县,D,N,5,451200
451229,大化,大化瑶族自治县,D,N,5,451200
451281,宜州,宜州市,D,N,5,451200
451300,来宾,来宾市,C,N,4,450000
451301,市辖区,市辖区,D,N,5,451300
451302,兴宾,兴宾区,D,N,5,451300
451321,忻城,忻城县,D,N,5,451300
451322,象州,象州县,D,N,5,451300
451323,武宣,武宣县,D,N,5,451300
451324,金秀,金秀瑶族自治县,D,N,5,451300
451381,合山,合山市,D,N,5,451300
451400,崇左,崇左市,C,N,4,450000
451401,市辖区,市辖区,D,N,5,451400
451402,江洲,江洲区,D,N,5,451400
451421,扶绥,扶绥县,D,N,5,451400
451422,宁明,宁明县,D,N,5,451400
451423,龙州,龙州县,D,N,5,451400
451424,大新,大新县,D,N,5,451400
451425,天等,天等县,D,N,5,451400
451481,凭祥,凭祥市,D,N,5,451400
460000,海南,海南省,P,N,5,105
460100,海口,海口市,C,C,3,460000
460101,市辖区,市辖区,D,N,5,460100
460105,秀英,秀英区,D,N,5,460100
460106,龙华,龙华区,D,N,5,460100
460107,琼山,琼山区,D,N,5,460100
460108,美兰,美兰区,D,N,5,460100
460200,三亚,三亚市,C,N,4,460000
460201,市辖区,市辖区,D,N,5,460200
469000,省直辖县级行政单位,省直辖县级行政单位,C,N,4,460000
469001,五指山,五指山市,D,N,5,469000
469002,琼海,琼海市,D,N,5,469000
469003,儋州,儋州市,D,N,5,469000
469005,文昌,文昌市,D,N,5,469000
469006,万宁,万宁市,D,N,5,469000
469007,东方,东方市,D,N,5,469000
469025,定安,定安县,D,N,5,469000
469026,屯昌,屯昌县,D,N,5,469000
469027,澄迈,澄迈县,D,N,5,469000
469028,临高,临高县,D,N,5,469000
469030,白沙,白沙黎族自治县,D,N,5,469000
469031,昌江,昌江黎族自治县,D,N,5,469000
469033,乐东,乐东黎族自治县,D,N,5,469000
469034,陵水,陵水黎族自治县,D,N,5,469000
469035,保亭,保亭黎族苗族自治县,D,N,5,469000
469036,琼中,琼中黎族苗族自治县,D,N,5,469000
469037,西沙群岛,西沙群岛,D,N,5,469000
469038,南沙群岛,南沙群岛,D,N,5,469000
469039,中沙群岛的岛礁及其海域,中沙群岛的岛礁及其海域,D,N,5,469000
500000,重庆,重庆市,P,N,5,106
500100,市辖区,市辖区,C,N,4,500000
500101,万州,万州区,D,N,5,500100
500102,涪陵,涪陵区,D,N,5,500100
500103,渝中,渝中区,D,N,5,500100
500104,大渡口,大渡口区,D,N,5,500100
500105,江北,江北区,D,N,5,500100
500106,沙坪坝,沙坪坝区,D,N,5,500100
500107,九龙坡,九龙坡区,D,N,5,500100
500108,南岸,南岸区,D,N,5,500100
500109,北碚,北碚区,D,N,5,500100
500110,万盛,万盛区,D,N,5,500100
500111,双桥,双桥区,D,N,5,500100
500112,渝北,渝北区,D,N,5,500100
500113,巴南,巴南区,D,N,5,500100
500114,黔江,黔江区,D,N,5,500100
500115,长寿,长寿区,D,N,5,500100
500116,江津,江津区,D,N,5,500100
500117,合川,合川区,D,N,5,500100
500118,永川,永川区,D,N,5,500100
500119,南川,南川区,D,N,5,500100
500200,县,县,C,N,4,500000
500222,綦江,綦江县,D,N,5,500200
500223,潼南,潼南县,D,N,5,500200
500224,铜梁,铜梁县,D,N,5,500200
500225,大足,大足县,D,N,5,500200
500226,荣昌,荣昌县,D,N,5,500200
500227,璧山,璧山县,D,N,5,500200
500228,梁平,梁平县,D,N,5,500200
500229,城口,城口县,D,N,5,500200
500230,丰都,丰都县,D,N,5,500200
500231,垫江,垫江县,D,N,5,500200
500232,武隆,武隆县,D,N,5,500200
500233,忠县,忠县,D,N,5,500200
500234,开县,开县,D,N,5,500200
500235,云阳,云阳县,D,N,5,500200
500236,奉节,奉节县,D,N,5,500200
500237,巫山,巫山县,D,N,5,500200
500238,巫溪,巫溪县,D,N,5,500200
500240,石柱,石柱土家族自治县,D,N,5,500200
500241,秀山,秀山土家族苗族自治县,D,N,5,500200
500242,酉阳,酉阳土家族苗族自治县,D,N,5,500200
500243,彭水,彭水苗族土家族自治县,D,N,5,500200
510000,四川,四川省,P,N,5,106
510100,成都,成都市,C,C,2,510000
510101,市辖区,市辖区,D,N,5,510100
510104,锦江,锦江区,D,N,5,510100
510105,青羊,青羊区,D,N,5,510100
510106,金牛,金牛区,D,N,5,510100
510107,武侯,武侯区,D,N,5,510100
510108,成华,成华区,D,N,5,510100
510112,龙泉驿,龙泉驿区,D,N,5,510100
510113,青白江,青白江区,D,N,5,510100
510114,新都,新都区,D,N,5,510100
510115,温江,温江区,D,N,5,510100
510121,金堂,金堂县,D,N,5,510100
510122,双流,双流县,D,N,5,510100
510124,郫县,郫县,D,N,5,510100
510129,大邑,大邑县,D,N,5,510100
510131,蒲江,蒲江县,D,N,5,510100
510132,新津,新津县,D,N,5,510100
510181,都江堰,都江堰市,D,N,5,510100
510182,彭州,彭州市,D,N,5,510100
510183,邛崃,邛崃市,D,N,5,510100
510184,崇州,崇州市,D,N,5,510100
510300,自贡,自贡市,C,N,4,510000
510301,市辖区,市辖区,D,N,5,510300
510302,自流井,自流井区,D,N,5,510300
510303,贡井,贡井区,D,N,5,510300
510304,大安,大安区,D,N,5,510300
510311,沿滩,沿滩区,D,N,5,510300
510321,荣县,荣县,D,N,5,510300
510322,富顺,富顺县,D,N,5,510300
510400,攀枝花,攀枝花市,C,N,4,510000
510401,市辖区,市辖区,D,N,5,510400
510402,东,东区,D,N,5,510400
510403,西,西区,D,N,5,510400
510411,仁和,仁和区,D,N,5,510400
510421,米易,米易县,D,N,5,510400
510422,盐边,盐边县,D,N,5,510400
510500,泸州,泸州市,C,N,4,510000
510501,市辖区,市辖区,D,N,5,510500
510502,江阳,江阳区,D,N,5,510500
510503,纳溪,纳溪区,D,N,5,510500
510504,龙马潭,龙马潭区,D,N,5,510500
510521,泸县,泸县,D,N,5,510500
510522,合江,合江县,D,N,5,510500
510524,叙永,叙永县,D,N,5,510500
510525,古蔺,古蔺县,D,N,5,510500
510600,德阳,德阳市,C,N,4,510000
510601,市辖区,市辖区,D,N,5,510600
510603,旌阳,旌阳区,D,N,5,510600
510623,中江,中江县,D,N,5,510600
510626,罗江,罗江县,D,N,5,510600
510681,广汉,广汉市,D,N,5,510600
510682,什邡,什邡市,D,N,5,510600
510683,绵竹,绵竹市,D,N,5,510600
510700,绵阳,绵阳市,C,N,4,510000
510701,市辖区,市辖区,D,N,5,510700
510703,涪城,涪城区,D,N,5,510700
510704,游仙,游仙区,D,N,5,510700
510722,三台,三台县,D,N,5,510700
510723,盐亭,盐亭县,D,N,5,510700
510724,安县,安县,D,N,5,510700
510725,梓潼,梓潼县,D,N,5,510700
510726,北川,北川羌族自治县,D,N,5,510700
510727,平武,平武县,D,N,5,510700
510781,江油,江油市,D,N,5,510700
510800,广元,广元市,C,N,4,510000
510801,市辖区,市辖区,D,N,5,510800
510802,市中,市中区,D,N,5,510800
510811,元坝,元坝区,D,N,5,510800
510812,朝天,朝天区,D,N,5,510800
510821,旺苍,旺苍县,D,N,5,510800
510822,青川,青川县,D,N,5,510800
510823,剑阁,剑阁县,D,N,5,510800
510824,苍溪,苍溪县,D,N,5,510800
510900,遂宁,遂宁市,C,N,4,510000
510901,市辖区,市辖区,D,N,5,510900
510903,船山,船山区,D,N,5,510900
510904,安居,安居区,D,N,5,510900
510921,蓬溪,蓬溪县,D,N,5,510900
510922,射洪,射洪县,D,N,5,510900
510923,大英,大英县,D,N,5,510900
511000,内江,内江市,C,N,4,510000
511001,市辖区,市辖区,D,N,5,511000
511002,市中,市中区,D,N,5,511000
511011,东兴,东兴区,D,N,5,511000
511024,威远,威远县,D,N,5,511000
511025,资中,资中县,D,N,5,511000
511028,隆昌,隆昌县,D,N,5,511000
511100,乐山,乐山市,C,N,4,510000
511101,市辖区,市辖区,D,N,5,511100
511102,市中,市中区,D,N,5,511100
511111,沙湾,沙湾区,D,N,5,511100
511112,五通桥,五通桥区,D,N,5,511100
511113,金口河,金口河区,D,N,5,511100
511123,犍为,犍为县,D,N,5,511100
511124,井研,井研县,D,N,5,511100
511126,夹江,夹江县,D,N,5,511100
511129,沐川,沐川县,D,N,5,511100
511132,峨边,峨边彝族自治县,D,N,5,511100
511133,马边,马边彝族自治县,D,N,5,511100
511181,峨眉山,峨眉山市,D,N,5,511100
511300,南充,南充市,C,N,4,510000
511301,市辖区,市辖区,D,N,5,511300
511302,顺庆,顺庆区,D,N,5,511300
511303,高坪,高坪区,D,N,5,511300
511304,嘉陵,嘉陵区,D,N,5,511300
511321,南部,南部县,D,N,5,511300
511322,营山,营山县,D,N,5,511300
511323,蓬安,蓬安县,D,N,5,511300
511324,仪陇,仪陇县,D,N,5,511300
511325,西充,西充县,D,N,5,511300
511381,阆中,阆中市,D,N,5,511300
511400,眉山,眉山市,C,N,4,510000
511401,市辖区,市辖区,D,N,5,511400
511402,东坡,东坡区,D,N,5,511400
511421,仁寿,仁寿县,D,N,5,511400
511422,彭山,彭山县,D,N,5,511400
511423,洪雅,洪雅县,D,N,5,511400
511424,丹棱,丹棱县,D,N,5,511400
511425,青神,青神县,D,N,5,511400
511500,宜宾,宜宾市,C,N,4,510000
511501,市辖区,市辖区,D,N,5,511500
511502,翠屏,翠屏区,D,N,5,511500
511521,宜宾,宜宾县,D,N,5,511500
511522,南溪,南溪县,D,N,5,511500
511523,江安,江安县,D,N,5,511500
511524,长宁,长宁县,D,N,5,511500
511525,高县,高县,D,N,5,511500
511526,珙县,珙县,D,N,5,511500
511527,筠连,筠连县,D,N,5,511500
511528,兴文,兴文县,D,N,5,511500
511529,屏山,屏山县,D,N,5,511500
511600,广安,广安市,C,N,4,510000
511601,市辖区,市辖区,D,N,5,511600
511602,广安,广安区,D,N,5,511600
511621,岳池,岳池县,D,N,5,511600
511622,武胜,武胜县,D,N,5,511600
511623,邻水,邻水县,D,N,5,511600
511681,华蓥,华蓥市,D,N,5,511600
511700,达州,达州市,C,N,4,510000
511701,市辖区,市辖区,D,N,5,511700
511702,通川,通川区,D,N,5,511700
511721,达县,达县,D,N,5,511700
511722,宣汉,宣汉县,D,N,5,511700
511723,开江,开江县,D,N,5,511700
511724,大竹,大竹县,D,N,5,511700
511725,渠县,渠县,D,N,5,511700
511781,万源,万源市,D,N,5,511700
511800,雅安,雅安市,C,N,4,510000
511801,市辖区,市辖区,D,N,5,511800
511802,雨城,雨城区,D,N,5,511800
511821,名山,名山县,D,N,5,511800
511822,荥经,荥经县,D,N,5,511800
511823,汉源,汉源县,D,N,5,511800
511824,石棉,石棉县,D,N,5,511800
511825,天全,天全县,D,N,5,511800
511826,芦山,芦山县,D,N,5,511800
511827,宝兴,宝兴县,D,N,5,511800
511900,巴中,巴中市,C,N,4,510000
511901,市辖区,市辖区,D,N,5,511900
511902,巴州,巴州区,D,N,5,511900
511921,通江,通江县,D,N,5,511900
511922,南江,南江县,D,N,5,511900
511923,平昌,平昌县,D,N,5,511900
512000,资阳,资阳市,C,N,4,510000
512001,市辖区,市辖区,D,N,5,512000
512002,雁江,雁江区,D,N,5,512000
512021,安岳,安岳县,D,N,5,512000
512022,乐至,乐至县,D,N,5,512000
512081,简阳,简阳市,D,N,5,512000
513200,阿坝,阿坝藏族羌族自治州,C,N,4,510000
513221,汶川,汶川县,D,N,5,513200
513222,理县,理县,D,N,5,513200
513223,茂县,茂县,D,N,5,513200
513224,松潘,松潘县,D,N,5,513200
513225,九寨沟,九寨沟县,D,N,5,513200
513226,金川,金川县,D,N,5,513200
513227,小金,小金县,D,N,5,513200
513228,黑水,黑水县,D,N,5,513200
513229,马尔康,马尔康县,D,N,5,513200
513230,壤塘,壤塘县,D,N,5,513200
513231,阿坝,阿坝县,D,N,5,513200
513232,若尔盖,若尔盖县,D,N,5,513200
513233,红原,红原县,D,N,5,513200
513300,甘孜,甘孜藏族自治州,C,N,4,510000
513321,康定,康定县,D,N,5,513300
513322,泸定,泸定县,D,N,5,513300
513323,丹巴,丹巴县,D,N,5,513300
513324,九龙,九龙县,D,N,5,513300
513325,雅江,雅江县,D,N,5,513300
513326,道孚,道孚县,D,N,5,513300
513327,炉霍,炉霍县,D,N,5,513300
513328,甘孜,甘孜县,D,N,5,513300
513329,新龙,新龙县,D,N,5,513300
513330,德格,德格县,D,N,5,513300
513331,白玉,白玉县,D,N,5,513300
513332,石渠,石渠县,D,N,5,513300
513333,色达,色达县,D,N,5,513300
513334,理塘,理塘县,D,N,5,513300
513335,巴塘,巴塘县,D,N,5,513300
513336,乡城,乡城县,D,N,5,513300
513337,稻城,稻城县,D,N,5,513300
513338,得荣,得荣县,D,N,5,513300
513400,凉山,凉山彝族自治州,C,N,4,510000
513401,西昌,西昌市,D,N,5,513400
513422,木里,木里藏族自治县,D,N,5,513400
513423,盐源,盐源县,D,N,5,513400
513424,德昌,德昌县,D,N,5,513400
513425,会理,会理县,D,N,5,513400
513426,会东,会东县,D,N,5,513400
513427,宁南,宁南县,D,N,5,513400
513428,普格,普格县,D,N,5,513400
513429,布拖,布拖县,D,N,5,513400
513430,金阳,金阳县,D,N,5,513400
513431,昭觉,昭觉县,D,N,5,513400
513432,喜德,喜德县,D,N,5,513400
513433,冕宁,冕宁县,D,N,5,513400
513434,越西,越西县,D,N,5,513400
513435,甘洛,甘洛县,D,N,5,513400
513436,美姑,美姑县,D,N,5,513400
513437,雷波,雷波县,D,N,5,513400
520000,贵州,贵州省,P,N,5,106
520100,贵阳,贵阳市,C,C,3,520000
520101,市辖区,市辖区,D,N,5,520100
520102,南明,南明区,D,N,5,520100
520103,云岩,云岩区,D,N,5,520100
520111,花溪,花溪区,D,N,5,520100
520112,乌当,乌当区,D,N,5,520100
520113,白云,白云区,D,N,5,520100
520114,小河,小河区,D,N,5,520100
520121,开阳,开阳县,D,N,5,520100
520122,息烽,息烽县,D,N,5,520100
520123,修文,修文县,D,N,5,520100
520181,清镇,清镇市,D,N,5,520100
520200,六盘水,六盘水市,C,N,4,520000
520201,钟山,钟山区,D,N,5,520200
520203,六枝特,六枝特区,D,N,5,520200
520221,水城,水城县,D,N,5,520200
520222,盘县,盘县,D,N,5,520200
520300,遵义,遵义市,C,N,4,520000
520301,市辖区,市辖区,D,N,5,520300
520302,红花岗,红花岗区,D,N,5,520300
520303,汇川,汇川区,D,N,5,520300
520321,遵义,遵义县,D,N,5,520300
520322,桐梓,桐梓县,D,N,5,520300
520323,绥阳,绥阳县,D,N,5,520300
520324,正安,正安县,D,N,5,520300
520327,凤冈,凤冈县,D,N,5,520300
520328,湄潭,湄潭县,D,N,5,520300
520325,道真,道真仡佬族苗族自治县,D,N,5,520300
520326,务川,务川仡佬族苗族自治县,D,N,5,520300
520329,余庆,余庆县,D,N,5,520300
520330,习水,习水县,D,N,5,520300
520381,赤水,赤水市,D,N,5,520300
520382,仁怀,仁怀市,D,N,5,520300
520400,安顺,安顺市,C,N,4,520000
520401,市辖区,市辖区,D,N,5,520400
520402,西秀,西秀区,D,N,5,520400
520421,平坝,平坝县,D,N,5,520400
520422,普定,普定县,D,N,5,520400
520423,镇宁布依族,镇宁布依族苗族自治县,D,N,5,520400
520424,关岭布依族,关岭布依族苗族自治县,D,N,5,520400
520425,紫云苗族布依族,紫云苗族布依族自治县,D,N,5,520400
522200,铜仁,铜仁地区,C,N,4,520000
522201,铜仁,铜仁市,D,N,5,522200
522222,江口,江口县,D,N,5,522200
522223,玉屏,玉屏侗族自治县,D,N,5,522200
522224,石阡,石阡县,D,N,5,522200
522225,思南,思南县,D,N,5,522200
522226,印江,印江土家族苗族自治县,D,N,5,522200
522227,德江,德江县,D,N,5,522200
522228,沿河,沿河土家族自治县,D,N,5,522200
522229,松桃,松桃苗族自治县,D,N,5,522200
522230,万山特,万山特区,D,N,5,522200
522300,黔西南布依族,黔西南布依族苗族自治州,C,N,4,520000
522301,兴义,兴义市,D,N,5,522300
522322,兴仁,兴仁县,D,N,5,522300
522323,普安,普安县,D,N,5,522300
522324,晴隆,晴隆县,D,N,5,522300
522325,贞丰,贞丰县,D,N,5,522300
522326,望谟,望谟县,D,N,5,522300
522327,册亨,册亨县,D,N,5,522300
522328,安龙,安龙县,D,N,5,522300
522400,毕节,毕节地区,C,N,4,520000
522401,毕节,毕节市,D,N,5,522400
522422,大方,大方县,D,N,5,522400
522423,黔西,黔西县,D,N,5,522400
522424,金沙,金沙县,D,N,5,522400
522425,织金,织金县,D,N,5,522400
522426,纳雍,纳雍县,D,N,5,522400
522427,威宁,威宁彝族回族苗族自治县,D,N,5,522400
522428,赫章,赫章县,D,N,5,522400
522600,黔东南,黔东南苗族侗族自治州,C,N,4,520000
522601,凯里,凯里市,D,N,5,522600
522622,黄平,黄平县,D,N,5,522600
522623,施秉,施秉县,D,N,5,522600
522624,三穗,三穗县,D,N,5,522600
522625,镇远,镇远县,D,N,5,522600
522626,岑巩,岑巩县,D,N,5,522600
522627,天柱,天柱县,D,N,5,522600
522628,锦屏,锦屏县,D,N,5,522600
522629,剑河,剑河县,D,N,5,522600
522630,台江,台江县,D,N,5,522600
522631,黎平,黎平县,D,N,5,522600
522632,榕江,榕江县,D,N,5,522600
522633,从江,从江县,D,N,5,522600
522634,雷山,雷山县,D,N,5,522600
522635,麻江,麻江县,D,N,5,522600
522636,丹寨,丹寨县,D,N,5,522600
522700,黔南布依族,黔南布依族苗族自治州,C,N,4,520000
522701,都匀,都匀市,D,N,5,522700
522702,福泉,福泉市,D,N,5,522700
522722,荔波,荔波县,D,N,5,522700
522723,贵定,贵定县,D,N,5,522700
522725,瓮安,瓮安县,D,N,5,522700
522726,独山,独山县,D,N,5,522700
522727,平塘,平塘县,D,N,5,522700
522728,罗甸,罗甸县,D,N,5,522700
522729,长顺,长顺县,D,N,5,522700
522730,龙里,龙里县,D,N,5,522700
522731,惠水,惠水县,D,N,5,522700
522732,三都,三都水族自治县,D,N,5,522700
530000,云南,云南省,P,N,5,106
530100,昆明,昆明市,C,C,3,530000
530101,市辖区,市辖区,D,N,5,530100
530102,五华,五华区,D,N,5,530100
530103,盘龙,盘龙区,D,N,5,530100
530111,官渡,官渡区,D,N,5,530100
530112,西山,西山区,D,N,5,530100
530113,东川,东川区,D,N,5,530100
530121,呈贡,呈贡县,D,N,5,530100
530122,晋宁,晋宁县,D,N,5,530100
530124,富民,富民县,D,N,5,530100
530125,宜良,宜良县,D,N,5,530100
530126,石林,石林彝族自治县,D,N,5,530100
530127,嵩明,嵩明县,D,N,5,530100
530128,禄劝,禄劝彝族苗族自治县,D,N,5,530100
530129,寻甸,寻甸回族彝族自治县,D,N,5,530100
530181,安宁,安宁市,D,N,5,530100
530300,曲靖,曲靖市,C,N,4,530000
530301,市辖区,市辖区,D,N,5,530300
530302,麒麟,麒麟区,D,N,5,530300
530321,马龙,马龙县,D,N,5,530300
530322,陆良,陆良县,D,N,5,530300
530323,师宗,师宗县,D,N,5,530300
530324,罗平,罗平县,D,N,5,530300
530325,富源,富源县,D,N,5,530300
530326,会泽,会泽县,D,N,5,530300
530328,沾益,沾益县,D,N,5,530300
530381,宣威,宣威市,D,N,5,530300
530400,玉溪,玉溪市,C,N,4,530000
530401,市辖区,市辖区,D,N,5,530400
530402,红塔,红塔区,D,N,5,530400
530421,江川,江川县,D,N,5,530400
530422,澄江,澄江县,D,N,5,530400
530423,通海,通海县,D,N,5,530400
530424,华宁,华宁县,D,N,5,530400
530425,易门,易门县,D,N,5,530400
530426,峨山,峨山彝族自治县,D,N,5,530400
530427,新平,新平彝族傣族自治县,D,N,5,530400
530428,元江,元江哈尼族彝族傣族自治县,D,N,5,530400
530500,保山,保山市,C,N,4,530000
530501,市辖区,市辖区,D,N,5,530500
530502,隆阳,隆阳区,D,N,5,530500
530521,施甸,施甸县,D,N,5,530500
530522,腾冲,腾冲县,D,N,5,530500
530523,龙陵,龙陵县,D,N,5,530500
530524,昌宁,昌宁县,D,N,5,530500
530600,昭通,昭通市,C,N,4,530000
530601,市辖区,市辖区,D,N,5,530600
530602,昭阳,昭阳区,D,N,5,530600
530621,鲁甸,鲁甸县,D,N,5,530600
530622,巧家,巧家县,D,N,5,530600
530623,盐津,盐津县,D,N,5,530600
530624,大关,大关县,D,N,5,530600
530625,永善,永善县,D,N,5,530600
530626,绥江,绥江县,D,N,5,530600
530627,镇雄,镇雄县,D,N,5,530600
530628,彝良,彝良县,D,N,5,530600
530629,威信,威信县,D,N,5,530600
530630,水富,水富县,D,N,5,530600
530700,丽江,丽江市,C,N,4,530000
530701,市辖区,市辖区,D,N,5,530700
530702,古城,古城区,D,N,5,530700
530721,玉龙,玉龙纳西族自治县,D,N,5,530700
530722,永胜,永胜县,D,N,5,530700
530723,华坪,华坪县,D,N,5,530700
530724,宁蒗,宁蒗彝族自治县,D,N,5,530700
530800,思茅,思茅市,C,N,4,530000
530801,市辖区,市辖区,D,N,5,530800
530802,翠云,翠云区,D,N,5,530800
530821,普洱,普洱哈尼族彝族自治县,D,N,5,530800
530822,墨江,墨江哈尼族自治县,D,N,5,530800
530823,景东,景东彝族自治县,D,N,5,530800
530824,景谷,景谷傣族彝族自治县,D,N,5,530800
530825,镇沅,镇沅彝族哈尼族拉祜族自治县,D,N,5,530800
530826,江城,江城哈尼族彝族自治县,D,N,5,530800
530827,孟连,孟连傣族拉祜族佤族自治县,D,N,5,530800
530828,澜沧,澜沧拉祜族自治县,D,N,5,530800
530829,西盟,西盟佤族自治县,D,N,5,530800
530900,临沧,临沧市,C,N,4,530000
530901,市辖区,市辖区,D,N,5,530900
530902,临翔,临翔区,D,N,5,530900
530921,凤庆,凤庆县,D,N,5,530900
530922,云县,云县,D,N,5,530900
530923,永德,永德县,D,N,5,530900
530924,镇康,镇康县,D,N,5,530900
530925,双江,双江拉祜族佤族布朗族傣族自治县,D,N,5,530900
530926,耿马,耿马傣族佤族自治县,D,N,5,530900
530927,沧源,沧源佤族自治县,D,N,5,530900
532300,楚雄,楚雄彝族自治州,C,N,4,530000
532301,楚雄,楚雄市,D,N,5,532300
532322,双柏,双柏县,D,N,5,532300
532323,牟定,牟定县,D,N,5,532300
532324,南华,南华县,D,N,5,532300
532325,姚安,姚安县,D,N,5,532300
532326,大姚,大姚县,D,N,5,532300
532327,永仁,永仁县,D,N,5,532300
532328,元谋,元谋县,D,N,5,532300
532329,武定,武定县,D,N,5,532300
532331,禄丰,禄丰县,D,N,5,532300
532500,红河,红河哈尼族彝族自治州,C,N,4,530000
532501,个旧,个旧市,D,N,5,532500
532502,开远,开远市,D,N,5,532500
532522,蒙自,蒙自县,D,N,5,532500
532523,屏边,屏边苗族自治县,D,N,5,532500
532524,建水,建水县,D,N,5,532500
532525,石屏,石屏县,D,N,5,532500
532526,弥勒,弥勒县,D,N,5,532500
532527,泸西,泸西县,D,N,5,532500
532528,元阳,元阳县,D,N,5,532500
532529,红河,红河县,D,N,5,532500
532530,金平,金平苗族瑶族傣族自治县,D,N,5,532500
532531,绿春,绿春县,D,N,5,532500
532532,河口,河口瑶族自治县,D,N,5,532500
532600,文山,文山壮族苗族自治州,C,N,4,530000
532621,文山,文山县,D,N,5,532600
532622,砚山,砚山县,D,N,5,532600
532623,西畴,西畴县,D,N,5,532600
532624,麻栗坡,麻栗坡县,D,N,5,532600
532625,马关,马关县,D,N,5,532600
532626,丘北,丘北县,D,N,5,532600
532627,广南,广南县,D,N,5,532600
532628,富宁,富宁县,D,N,5,532600
532800,西双版纳,西双版纳傣族自治州,C,N,4,530000
532801,景洪,景洪市,D,N,5,532800
532822,勐海,勐海县,D,N,5,532800
532823,勐腊,勐腊县,D,N,5,532800
532900,大理,大理白族自治州,C,N,4,530000
532901,大理,大理市,D,N,5,532900
532922,漾濞,漾濞彝族自治县,D,N,5,532900
532923,祥云,祥云县,D,N,5,532900
532924,宾川,宾川县,D,N,5,532900
532925,弥渡,弥渡县,D,N,5,532900
532926,南涧,南涧彝族自治县,D,N,5,532900
532927,巍山,巍山彝族回族自治县,D,N,5,532900
532928,永平,永平县,D,N,5,532900
532929,云龙,云龙县,D,N,5,532900
532930,洱源,洱源县,D,N,5,532900
532931,剑川,剑川县,D,N,5,532900
532932,鹤庆,鹤庆县,D,N,5,532900
533100,德宏,德宏傣族景颇族自治州,C,N,4,530000
533102,瑞丽,瑞丽市,D,N,5,533100
533103,潞西,潞西市,D,N,5,533100
533122,梁河,梁河县,D,N,5,533100
533123,盈江,盈江县,D,N,5,533100
533124,陇川,陇川县,D,N,5,533100
533300,怒江傈僳族,怒江傈僳族自治州,C,N,4,530000
533321,泸水,泸水县,D,N,5,533300
533323,福贡,福贡县,D,N,5,533300
533324,贡山,贡山独龙族怒族自治县,D,N,5,533300
533325,兰坪,兰坪白族普米族自治县,D,N,5,533300
533400,迪庆,迪庆藏族自治州,C,N,4,530000
533421,香格里拉,香格里拉县,D,N,5,533400
533422,德钦,德钦县,D,N,5,533400
533423,维西傈僳族,维西傈僳族自治县,D,N,5,533400
540000,西藏,西藏自治区,P,N,5,106
540100,拉萨,拉萨市,C,C,3,540000
540101,市辖区,市辖区,D,N,5,540100
540102,城关,城关区,D,N,5,540100
540121,林周,林周县,D,N,5,540100
540122,当雄,当雄县,D,N,5,540100
540123,尼木,尼木县,D,N,5,540100
540124,曲水,曲水县,D,N,5,540100
540125,堆龙德庆,堆龙德庆县,D,N,5,540100
540126,达孜,达孜县,D,N,5,540100
540127,墨竹工卡,墨竹工卡县,D,N,5,540100
542100,昌都,昌都地区,C,N,4,540000
542121,昌都,昌都县,D,N,5,542100
542122,江达,江达县,D,N,5,542100
542123,贡觉,贡觉县,D,N,5,542100
542124,类乌齐,类乌齐县,D,N,5,542100
542125,丁青,丁青县,D,N,5,542100
542126,察雅,察雅县,D,N,5,542100
542127,八宿,八宿县,D,N,5,542100
542128,左贡,左贡县,D,N,5,542100
542129,芒康,芒康县,D,N,5,542100
542132,洛隆,洛隆县,D,N,5,542100
542133,边坝,边坝县,D,N,5,542100
542200,山南,山南地区,C,N,4,540000
542221,乃东,乃东县,D,N,5,542200
542222,扎囊,扎囊县,D,N,5,542200
542223,贡嘎,贡嘎县,D,N,5,542200
542224,桑日,桑日县,D,N,5,542200
542225,琼结,琼结县,D,N,5,542200
542226,曲松,曲松县,D,N,5,542200
542227,措美,措美县,D,N,5,542200
542228,洛扎,洛扎县,D,N,5,542200
542229,加查,加查县,D,N,5,542200
542231,隆子,隆子县,D,N,5,542200
542232,错那,错那县,D,N,5,542200
542233,浪卡子,浪卡子县,D,N,5,542200
542300,日喀则,日喀则地区,C,N,4,540000
542301,日喀则,日喀则市,D,N,5,542300
542322,南木林,南木林县,D,N,5,542300
542323,江孜,江孜县,D,N,5,542300
542324,定日,定日县,D,N,5,542300
542325,萨迦,萨迦县,D,N,5,542300
542326,拉孜,拉孜县,D,N,5,542300
542327,昂仁,昂仁县,D,N,5,542300
542328,谢通门,谢通门县,D,N,5,542300
542329,白朗,白朗县,D,N,5,542300
542330,仁布,仁布县,D,N,5,542300
542331,康马,康马县,D,N,5,542300
542332,定结,定结县,D,N,5,542300
542333,仲巴,仲巴县,D,N,5,542300
542334,亚东,亚东县,D,N,5,542300
542335,吉隆,吉隆县,D,N,5,542300
542336,聂拉木,聂拉木县,D,N,5,542300
542337,萨嘎,萨嘎县,D,N,5,542300
542338,岗巴,岗巴县,D,N,5,542300
542400,那曲,那曲地区,C,N,4,540000
542421,那曲,那曲县,D,N,5,542400
542422,嘉黎,嘉黎县,D,N,5,542400
542423,比如,比如县,D,N,5,542400
542424,聂荣,聂荣县,D,N,5,542400
542425,安多,安多县,D,N,5,542400
542426,申扎,申扎县,D,N,5,542400
542427,索县,索县,D,N,5,542400
542428,班戈,班戈县,D,N,5,542400
542429,巴青,巴青县,D,N,5,542400
542430,尼玛,尼玛县,D,N,5,542400
542500,阿里,阿里地区,C,N,4,540000
542521,普兰,普兰县,D,N,5,542500
542522,札达,札达县,D,N,5,542500
542523,噶尔,噶尔县,D,N,5,542500
542524,日土,日土县,D,N,5,542500
542525,革吉,革吉县,D,N,5,542500
542526,改则,改则县,D,N,5,542500
542527,措勤,措勤县,D,N,5,542500
542600,林芝,林芝地区,C,N,4,540000
542621,林芝,林芝县,D,N,5,542600
542622,工布江达,工布江达县,D,N,5,542600
542623,米林,米林县,D,N,5,542600
542624,墨脱,墨脱县,D,N,5,542600
542625,波密,波密县,D,N,5,542600
542626,察隅,察隅县,D,N,5,542600
542627,朗县,朗县,D,N,5,542600
610000,陕西,陕西省,P,N,5,107
610100,西安,西安市,C,C,3,610000
610101,市辖区,市辖区,D,N,5,610100
610102,新城,新城区,D,N,5,610100
610103,碑林,碑林区,D,N,5,610100
610104,莲湖,莲湖区,D,N,5,610100
610111,灞桥,灞桥区,D,N,5,610100
610112,未央,未央区,D,N,5,610100
610113,雁塔,雁塔区,D,N,5,610100
610114,阎良,阎良区,D,N,5,610100
610115,临潼,临潼区,D,N,5,610100
610116,长安,长安区,D,N,5,610100
610122,蓝田,蓝田县,D,N,5,610100
610124,周至,周至县,D,N,5,610100
610125,户县,户县,D,N,5,610100
610126,高陵,高陵县,D,N,5,610100
610200,铜川,铜川市,C,N,4,610000
610201,市辖区,市辖区,D,N,5,610200
610202,王益,王益区,D,N,5,610200
610203,印台,印台区,D,N,5,610200
610204,耀州,耀州区,D,N,5,610200
610222,宜君,宜君县,D,N,5,610200
610300,宝鸡,宝鸡市,C,N,4,610000
610301,市辖区,市辖区,D,N,5,610300
610302,渭滨,渭滨区,D,N,5,610300
610303,金台,金台区,D,N,5,610300
610304,陈仓,陈仓区,D,N,5,610300
610322,凤翔,凤翔县,D,N,5,610300
610323,岐山,岐山县,D,N,5,610300
610324,扶风,扶风县,D,N,5,610300
610326,眉县,眉县,D,N,5,610300
610327,陇县,陇县,D,N,5,610300
610328,千阳,千阳县,D,N,5,610300
610329,麟游,麟游县,D,N,5,610300
610330,凤县,凤县,D,N,5,610300
610331,太白,太白县,D,N,5,610300
610400,咸阳,咸阳市,C,N,4,610000
610401,市辖区,市辖区,D,N,5,610400
610402,秦都,秦都区,D,N,5,610400
610403,杨凌,杨凌区,D,N,5,610400
610404,渭城,渭城区,D,N,5,610400
610422,三原,三原县,D,N,5,610400
610423,泾阳,泾阳县,D,N,5,610400
610424,乾县,乾县,D,N,5,610400
610425,礼泉,礼泉县,D,N,5,610400
610426,永寿,永寿县,D,N,5,610400
610427,彬县,彬县,D,N,5,610400
610428,长武,长武县,D,N,5,610400
610429,旬邑,旬邑县,D,N,5,610400
610430,淳化,淳化县,D,N,5,610400
610431,武功,武功县,D,N,5,610400
610481,兴平,兴平市,D,N,5,610400
610500,渭南,渭南市,C,N,4,610000
610501,市辖区,市辖区,D,N,5,610500
610502,临渭,临渭区,D,N,5,610500
610521,华县,华县,D,N,5,610500
610522,潼关,潼关县,D,N,5,610500
610523,大荔,大荔县,D,N,5,610500
610524,合阳,合阳县,D,N,5,610500
610525,澄城,澄城县,D,N,5,610500
610526,蒲城,蒲城县,D,N,5,610500
610527,白水,白水县,D,N,5,610500
610528,富平,富平县,D,N,5,610500
610581,韩城,韩城市,D,N,5,610500
610582,华阴,华阴市,D,N,5,610500
610600,延安,延安市,C,N,4,610000
610601,市辖区,市辖区,D,N,5,610600
610602,宝塔,宝塔区,D,N,5,610600
610621,延长,延长县,D,N,5,610600
610622,延川,延川县,D,N,5,610600
610623,子长,子长县,D,N,5,610600
610624,安塞,安塞县,D,N,5,610600
610625,志丹,志丹县,D,N,5,610600
610632,黄陵,黄陵县,D,N,5,610600
610626,吴起,吴起县,D,N,5,610600
610627,甘泉,甘泉县,D,N,5,610600
610628,富县,富县,D,N,5,610600
610629,洛川,洛川县,D,N,5,610600
610630,宜川,宜川县,D,N,5,610600
610631,黄龙,黄龙县,D,N,5,610600
610700,汉中,汉中市,C,N,4,610000
610701,市辖区,市辖区,D,N,5,610700
610702,汉台,汉台区,D,N,5,610700
610721,南郑,南郑县,D,N,5,610700
610722,城固,城固县,D,N,5,610700
610723,洋县,洋县,D,N,5,610700
610724,西乡,西乡县,D,N,5,610700
610725,勉县,勉县,D,N,5,610700
610726,宁强,宁强县,D,N,5,610700
610727,略阳,略阳县,D,N,5,610700
610728,镇巴,镇巴县,D,N,5,610700
610729,留坝,留坝县,D,N,5,610700
610730,佛坪,佛坪县,D,N,5,610700
610800,榆林,榆林市,C,N,4,610000
610801,市辖区,市辖区,D,N,5,610800
610802,榆阳,榆阳区,D,N,5,610800
610821,神木,神木县,D,N,5,610800
610822,府谷,府谷县,D,N,5,610800
610823,横山,横山县,D,N,5,610800
610824,靖边,靖边县,D,N,5,610800
610825,定边,定边县,D,N,5,610800
610826,绥德,绥德县,D,N,5,610800
610827,米脂,米脂县,D,N,5,610800
610828,佳县,佳县,D,N,5,610800
610829,吴堡,吴堡县,D,N,5,610800
610830,清涧,清涧县,D,N,5,610800
610831,子洲,子洲县,D,N,5,610800
610900,安康,安康市,C,N,4,610000
610901,市辖区,市辖区,D,N,5,610900
610902,汉滨,汉滨区,D,N,5,610900
610921,汉阴,汉阴县,D,N,5,610900
610922,石泉,石泉县,D,N,5,610900
610923,宁陕,宁陕县,D,N,5,610900
610924,紫阳,紫阳县,D,N,5,610900
610925,岚皋,岚皋县,D,N,5,610900
610926,平利,平利县,D,N,5,610900
610927,镇坪,镇坪县,D,N,5,610900
610928,旬阳,旬阳县,D,N,5,610900
610929,白河,白河县,D,N,5,610900
611000,商洛,商洛市,C,N,4,610000
611001,市辖区,市辖区,D,N,5,611000
611002,商州,商州区,D,N,5,611000
611021,洛南,洛南县,D,N,5,611000
611022,丹凤,丹凤县,D,N,5,611000
611023,商南,商南县,D,N,5,611000
611024,山阳,山阳县,D,N,5,611000
611025,镇安,镇安县,D,N,5,611000
611026,柞水,柞水县,D,N,5,611000
620000,甘肃,甘肃省,P,N,5,107
620100,兰州,兰州市,C,C,3,620000
620101,市辖区,市辖区,D,N,5,620100
620102,城关,城关区,D,N,5,620100
620103,七里河,七里河区,D,N,5,620100
620104,西固,西固区,D,N,5,620100
620105,安宁,安宁区,D,N,5,620100
620111,红古,红古区,D,N,5,620100
620121,永登,永登县,D,N,5,620100
620122,皋兰,皋兰县,D,N,5,620100
620123,榆中,榆中县,D,N,5,620100
620200,嘉峪关,嘉峪关市,C,N,4,620000
620201,市辖区,市辖区,D,N,5,620200
620300,金昌,金昌市,C,N,4,620000
620301,市辖区,市辖区,D,N,5,620300
620302,金川,金川区,D,N,5,620300
620321,永昌,永昌县,D,N,5,620300
620400,白银,白银市,C,N,4,620000
620401,市辖区,市辖区,D,N,5,620400
620402,白银,白银区,D,N,5,620400
620403,平川,平川区,D,N,5,620400
620421,靖远,靖远县,D,N,5,620400
620422,会宁,会宁县,D,N,5,620400
620423,景泰,景泰县,D,N,5,620400
620500,天水,天水市,C,N,4,620000
620501,市辖区,市辖区,D,N,5,620500
620502,秦城,秦城区,D,N,5,620500
620503,北道,北道区,D,N,5,620500
620521,清水,清水县,D,N,5,620500
620522,秦安,秦安县,D,N,5,620500
620523,甘谷,甘谷县,D,N,5,620500
620524,武山,武山县,D,N,5,620500
620525,张家川,张家川回族自治县,D,N,5,620500
620600,武威,武威市,C,N,4,620000
620601,市辖区,市辖区,D,N,5,620600
620602,凉州,凉州区,D,N,5,620600
620621,民勤,民勤县,D,N,5,620600
620622,古浪,古浪县,D,N,5,620600
620623,天祝,天祝藏族自治县,D,N,5,620600
620700,张掖,张掖市,C,N,4,620000
620701,市辖区,市辖区,D,N,5,620700
620702,甘州,甘州区,D,N,5,620700
620721,肃南,肃南裕固族自治县,D,N,5,620700
620722,民乐,民乐县,D,N,5,620700
620723,临泽,临泽县,D,N,5,620700
620724,高台,高台县,D,N,5,620700
620725,山丹,山丹县,D,N,5,620700
620800,平凉,平凉市,C,N,4,620000
620801,市辖区,市辖区,D,N,5,620800
620802,崆峒,崆峒区,D,N,5,620800
620821,泾川,泾川县,D,N,5,620800
620822,灵台,灵台县,D,N,5,620800
620823,崇信,崇信县,D,N,5,620800
620824,华亭,华亭县,D,N,5,620800
620825,庄浪,庄浪县,D,N,5,620800
620826,静宁,静宁县,D,N,5,620800
620900,酒泉,酒泉市,C,N,4,620000
620901,市辖区,市辖区,D,N,5,620900
620902,肃州,肃州区,D,N,5,620900
620921,金塔,金塔县,D,N,5,620900
620922,瓜州,瓜州县,D,N,5,620900
620923,肃北,肃北蒙古族自治县,D,N,5,620900
620924,阿克塞,阿克塞哈萨克族自治县,D,N,5,620900
620981,玉门,玉门市,D,N,5,620900
620982,敦煌,敦煌市,D,N,5,620900
621000,庆阳,庆阳市,C,N,4,620000
621001,市辖区,市辖区,D,N,5,621000
621002,西峰,西峰区,D,N,5,621000
621021,庆城,庆城县,D,N,5,621000
621022,环县,环县,D,N,5,621000
621023,华池,华池县,D,N,5,621000
621024,合水,合水县,D,N,5,621000
621025,正宁,正宁县,D,N,5,621000
621026,宁县,宁县,D,N,5,621000
621027,镇原,镇原县,D,N,5,621000
621100,定西,定西市,C,N,4,620000
621101,市辖区,市辖区,D,N,5,621100
621102,安定,安定区,D,N,5,621100
621121,通渭,通渭县,D,N,5,621100
621122,陇西,陇西县,D,N,5,621100
621123,渭源,渭源县,D,N,5,621100
621124,临洮,临洮县,D,N,5,621100
621125,漳县,漳县,D,N,5,621100
621126,岷县,岷县,D,N,5,621100
621200,陇南,陇南市,C,N,4,620000
621201,市辖区,市辖区,D,N,5,621200
621202,武都,武都区,D,N,5,621200
621221,成县,成县,D,N,5,621200
621222,文县,文县,D,N,5,621200
621223,宕昌,宕昌县,D,N,5,621200
621224,康县,康县,D,N,5,621200
621225,西和,西和县,D,N,5,621200
621226,礼县,礼县,D,N,5,621200
621227,徽县,徽县,D,N,5,621200
621228,两当,两当县,D,N,5,621200
622900,临夏,临夏回族自治州,C,N,4,620000
622901,临夏,临夏市,D,N,5,622900
622921,临夏,临夏县,D,N,5,622900
622922,康乐,康乐县,D,N,5,622900
622923,永靖,永靖县,D,N,5,622900
622924,广河,广河县,D,N,5,622900
622925,和政,和政县,D,N,5,622900
622926,东乡,东乡族自治县,D,N,5,622900
622927,积石山,积石山保安族东乡族撒拉族自治县,D,N,5,622900
623000,甘南,甘南藏族自治州,C,N,4,620000
623001,合作,合作市,D,N,5,623000
623021,临潭,临潭县,D,N,5,623000
623022,卓尼,卓尼县,D,N,5,623000
623023,舟曲,舟曲县,D,N,5,623000
623024,迭部,迭部县,D,N,5,623000
623025,玛曲,玛曲县,D,N,5,623000
623026,碌曲,碌曲县,D,N,5,623000
623027,夏河,夏河县,D,N,5,623000
630000,青海,青海省,P,N,5,107
630100,西宁,西宁市,C,C,3,630000
630101,市辖区,市辖区,D,N,5,630100
630102,城东,城东区,D,N,5,630100
630103,城中,城中区,D,N,5,630100
630104,城西,城西区,D,N,5,630100
630105,城北,城北区,D,N,5,630100
630121,大通,大通回族土族自治县,D,N,5,630100
630122,湟中,湟中县,D,N,5,630100
630123,湟源,湟源县,D,N,5,630100
632100,海东,海东地区,C,N,4,630000
632121,平安,平安县,D,N,5,632100
632122,民和,民和回族土族自治县,D,N,5,632100
632123,乐都,乐都县,D,N,5,632100
632126,互助,互助土族自治县,D,N,5,632100
632127,化隆,化隆回族自治县,D,N,5,632100
632128,循化,循化撒拉族自治县,D,N,5,632100
632200,海北,海北藏族自治州,C,N,4,630000
632221,门源,门源回族自治县,D,N,5,632200
632222,祁连,祁连县,D,N,5,632200
632223,海晏,海晏县,D,N,5,632200
632224,刚察,刚察县,D,N,5,632200
632300,黄南,黄南藏族自治州,C,N,4,630000
632321,同仁,同仁县,D,N,5,632300
632322,尖扎,尖扎县,D,N,5,632300
632323,泽库,泽库县,D,N,5,632300
632324,河南,河南蒙古族自治县,D,N,5,632300
632500,海南,海南藏族自治州,C,N,4,630000
632521,共和,共和县,D,N,5,632500
632522,同德,同德县,D,N,5,632500
632523,贵德,贵德县,D,N,5,632500
632524,兴海,兴海县,D,N,5,632500
632525,贵南,贵南县,D,N,5,632500
632600,果洛,果洛藏族自治州,C,N,4,630000
632621,玛沁,玛沁县,D,N,5,632600
632622,班玛,班玛县,D,N,5,632600
632623,甘德,甘德县,D,N,5,632600
632624,达日,达日县,D,N,5,632600
632625,久治,久治县,D,N,5,632600
632626,玛多,玛多县,D,N,5,632600
632700,玉树,玉树藏族自治州,C,N,4,630000
632721,玉树,玉树县,D,N,5,632700
632722,杂多,杂多县,D,N,5,632700
632723,称多,称多县,D,N,5,632700
632724,治多,治多县,D,N,5,632700
632725,囊谦,囊谦县,D,N,5,632700
632726,曲麻莱,曲麻莱县,D,N,5,632700
632800,海西,海西蒙古族藏族自治州,C,N,4,630000
632801,格尔木,格尔木市,D,N,5,632800
632802,德令哈,德令哈市,D,N,5,632800
632821,乌兰,乌兰县,D,N,5,632800
632822,都兰,都兰县,D,N,5,632800
632823,天峻,天峻县,D,N,5,632800
640000,宁夏,宁夏回族自治区,P,N,5,107
640100,银川,银川市,C,C,3,640000
640101,市辖区,市辖区,D,N,5,640100
640104,兴庆,兴庆区,D,N,5,640100
640105,西夏,西夏区,D,N,5,640100
640106,金凤,金凤区,D,N,5,640100
640121,永宁,永宁县,D,N,5,640100
640122,贺兰,贺兰县,D,N,5,640100
640181,灵武,灵武市,D,N,5,640100
640200,石嘴山,石嘴山市,C,N,4,640000
640201,市辖区,市辖区,D,N,5,640200
640202,大武口,大武口区,D,N,5,640200
640205,惠农,惠农区,D,N,5,640200
640221,平罗,平罗县,D,N,5,640200
640300,吴忠,吴忠市,C,N,4,640000
640301,市辖区,市辖区,D,N,5,640300
640302,利通,利通区,D,N,5,640300
640323,盐池,盐池县,D,N,5,640300
640324,同心,同心县,D,N,5,640300
640381,青铜峡,青铜峡市,D,N,5,640300
640400,固原,固原市,C,N,4,640000
640401,市辖区,市辖区,D,N,5,640400
640402,原州,原州区,D,N,5,640400
640422,西吉,西吉县,D,N,5,640400
640423,隆德,隆德县,D,N,5,640400
640424,泾源,泾源县,D,N,5,640400
640425,彭阳,彭阳县,D,N,5,640400
640500,中卫,中卫市,C,N,4,640000
640501,市辖区,市辖区,D,N,5,640500
640502,沙坡头,沙坡头区,D,N,5,640500
640521,中宁,中宁县,D,N,5,640500
640522,海原,海原县,D,N,5,640500
650000,新疆,新疆维吾尔自治区,P,N,5,107
650100,乌鲁木齐,乌鲁木齐市,C,C,3,650000
650101,市辖区,市辖区,D,N,5,650100
650102,天山,天山区,D,N,5,650100
650103,沙依巴克,沙依巴克区,D,N,5,650100
650104,新市,新市区,D,N,5,650100
650105,水磨沟,水磨沟区,D,N,5,650100
650106,头屯河,头屯河区,D,N,5,650100
650107,达坂城,达坂城区,D,N,5,650100
650108,东山,东山区,D,N,5,650100
650121,乌鲁木齐,乌鲁木齐县,D,N,5,650100
650200,克拉玛依,克拉玛依市,C,N,4,650000
650201,市辖区,市辖区,D,N,5,650200
650202,独山子,独山子区,D,N,5,650200
650203,克拉玛依,克拉玛依区,D,N,5,650200
650204,白碱滩,白碱滩区,D,N,5,650200
650205,乌尔禾,乌尔禾区,D,N,5,650200
652100,吐鲁番,吐鲁番地区,C,N,4,650000
652101,吐鲁番,吐鲁番市,D,N,5,652100
652122,鄯善,鄯善县,D,N,5,652100
652123,托克逊,托克逊县,D,N,5,652100
652200,哈密,哈密地区,C,N,4,650000
652201,哈密,哈密市,D,N,5,652200
652222,巴里坤哈萨克,巴里坤哈萨克自治县,D,N,5,652200
652223,伊吾,伊吾县,D,N,5,652200
652300,昌吉,昌吉回族自治州,C,N,4,650000
652301,昌吉,昌吉市,D,N,5,652300
652302,阜康,阜康市,D,N,5,652300
652303,米泉,米泉市,D,N,5,652300
652323,呼图壁,呼图壁县,D,N,5,652300
652324,玛纳斯,玛纳斯县,D,N,5,652300
652325,奇台,奇台县,D,N,5,652300
652327,吉木萨尔,吉木萨尔县,D,N,5,652300
652328,木垒哈萨克,木垒哈萨克自治县,D,N,5,652300
652700,博尔塔拉蒙古,博尔塔拉蒙古自治州,C,N,4,650000
652701,博乐,博乐市,D,N,5,652700
652722,精河,精河县,D,N,5,652700
652723,温泉,温泉县,D,N,5,652700
652800,巴音郭楞蒙古,巴音郭楞蒙古自治州,C,N,4,650000
652801,库尔勒,库尔勒市,D,N,5,652800
652822,轮台,轮台县,D,N,5,652800
652823,尉犁,尉犁县,D,N,5,652800
652824,若羌,若羌县,D,N,5,652800
652825,且末,且末县,D,N,5,652800
652826,焉耆,焉耆回族自治县,D,N,5,652800
652827,和静,和静县,D,N,5,652800
652828,和硕,和硕县,D,N,5,652800
652829,博湖,博湖县,D,N,5,652800
652900,阿克苏,阿克苏地区,C,N,4,650000
652901,阿克苏,阿克苏市,D,N,5,652900
652922,温宿,温宿县,D,N,5,652900
652923,库车,库车县,D,N,5,652900
652924,沙雅,沙雅县,D,N,5,652900
652925,新和,新和县,D,N,5,652900
652926,拜城,拜城县,D,N,5,652900
652927,乌什,乌什县,D,N,5,652900
652928,阿瓦提,阿瓦提县,D,N,5,652900
652929,柯坪,柯坪县,D,N,5,652900
653000,克孜勒苏柯尔克孜,克孜勒苏柯尔克孜自治州,C,N,4,650000
653001,阿图什,阿图什市,D,N,5,653000
653022,阿克陶,阿克陶县,D,N,5,653000
653023,阿合奇,阿合奇县,D,N,5,653000
653024,乌恰,乌恰县,D,N,5,653000
653100,喀什,喀什地区,C,N,4,650000
653101,喀什,喀什市,D,N,5,653100
653121,疏附,疏附县,D,N,5,653100
653122,疏勒,疏勒县,D,N,5,653100
653123,英吉沙,英吉沙县,D,N,5,653100
653124,泽普,泽普县,D,N,5,653100
653125,莎车,莎车县,D,N,5,653100
653126,叶城,叶城县,D,N,5,653100
653127,麦盖提,麦盖提县,D,N,5,653100
653128,岳普湖,岳普湖县,D,N,5,653100
653129,伽师,伽师县,D,N,5,653100
653130,巴楚,巴楚县,D,N,5,653100
653131,塔什库尔干塔吉克,塔什库尔干塔吉克自治县,D,N,5,653100
653200,和田,和田地区,C,N,4,650000
653201,和田,和田市,D,N,5,653200
653221,和田,和田县,D,N,5,653200
653222,墨玉,墨玉县,D,N,5,653200
653223,皮山,皮山县,D,N,5,653200
653224,洛浦,洛浦县,D,N,5,653200
653225,策勒,策勒县,D,N,5,653200
653226,于田,于田县,D,N,5,653200
653227,民丰,民丰县,D,N,5,653200
654000,伊犁哈萨克,伊犁哈萨克自治州,C,N,4,650000
654002,伊宁,伊宁市,D,N,5,654000
654003,奎屯,奎屯市,D,N,5,654000
654021,伊宁,伊宁县,D,N,5,654000
654022,察布查尔锡伯,察布查尔锡伯自治县,D,N,5,654000
654023,霍城,霍城县,D,N,5,654000
654024,巩留,巩留县,D,N,5,654000
654025,新源,新源县,D,N,5,654000
654026,昭苏,昭苏县,D,N,5,654000
654027,特克斯,特克斯县,D,N,5,654000
654028,尼勒克,尼勒克县,D,N,5,654000
654200,塔城,塔城地区,C,N,4,650000
654201,塔城,塔城市,D,N,5,654200
654202,乌苏,乌苏市,D,N,5,654200
654221,额敏,额敏县,D,N,5,654200
654223,沙湾,沙湾县,D,N,5,654200
654224,托里,托里县,D,N,5,654200
654225,裕民,裕民县,D,N,5,654200
654226,和布克赛尔蒙古,和布克赛尔蒙古自治县,D,N,5,654200
654300,阿勒泰,阿勒泰地区,C,N,4,650000
654301,阿勒泰,阿勒泰市,D,N,5,654300
654321,布尔津,布尔津县,D,N,5,654300
654322,富蕴,富蕴县,D,N,5,654300
654323,福海,福海县,D,N,5,654300
654324,哈巴河,哈巴河县,D,N,5,654300
654325,青河,青河县,D,N,5,654300
654326,吉木乃,吉木乃县,D,N,5,654300
659000,省直辖行政单位,省直辖行政单位,C,N,4,650000
659001,石河子,石河子市,D,N,5,659000
659002,阿拉尔,阿拉尔市,D,N,5,659000
659003,图木舒克,图木舒克市,D,N,5,659000
659004,五家渠,五家渠市,D,N,5,659000
710000,台湾,台湾省,P,N,5,104
810000,香港,香港特别行政区,P,N,5,105
820000,澳门,澳门特别行政区,P,N,5,105
